id,place_name,government,description,open,close,image_url,map
AS-00001,Abu Mina,Alexandria,"The archaeological site of Abu Mina features a number of structures, many of which are religious in nature. The most prominent of these is the tomb of the eponymous St. Menas (AD 285–309), whose fame during the late Roman Period made the site a popular destination for pilgrims seeking blessings.
Over time, structures were built around the tomb, such as the Baptistery, several churches, baths, houses, wine presses and workshops, in addition to pilgrim quarters and a large square bordered by porticoes with marble columns. The so-called ‘Pilgrims’ Court’ was a gathering point for pilgrims to the tomb.
The ancient city and the saint’s tomb were eventually forgotten until they were discovered by the German archaeologist C.M. Kaufmann in the early 20th century. Subsequent archaeological work by missions from the Coptic Museum and Graeco-Roman Museum unearthed remains of the residential quarters of the city. Because of its religious and historical value, the archaeological site of Abu Mina was inscribed on UNESCO’s World Heritage List in 1979.",07:00,19:00,"https://egymonuments.gov.eg/media/7803/6.jpg?center=0.076923076923076927,0.47435897435897434&mode=crop&width=645&height=423&rnd=134192643850000000","https://www.google.com/maps/place/Monastery+of+Saint+Mina/@30.8522025,29.3589811,11z/data=!4m10!1m2!2m1!1sAbu+Mina,+Alexandria,+Egypt!3m6!1s0x145f6277a453bcc3:0x339fbe1e232c9be5!8m2!3d30.8522025!4d29.6638517!15sChtBYnUgTWluYSwgQWxleGFuZHJpYSwgRWd5cHRaGyIZYWJ1IG1pbmEgYWxleGFuZHJpYSBlZ3lwdJIBCW1vbmFzdGVyeZoBI0NoWkRTVWhOTUc5blMwVkpRMEZuU1VOR2R6ZFhlbVpuRUFF4AEA-gEECDEQOQ!16s%2Fm%2F0277w20?hl=en&entry=ttu&g_ep=EgoyMDI2MDYyOS4wIKXMDSoASAFQAw%3D%3D"
AS-00002,Abu Simbel,Aswan,"The Great Temple of Abu Simbel, in Nubia near Egypt’s southern border, is among the most awe-inspiring monuments of Egypt. It was cut into the living rock by King Ramesses II (the Great) of the Nineteenth Dynasty, around 1264 BC. The temple is most well known for the four imposing seated colossal statues that dominate its façade. One of these collapsed because of an ancient earthquake, and its fragments can still be seen on the ground.
Colossal standing statues of the king line the main hall, leading to the sanctuary where four deities are sat: Amun Ra, Ra Horakhty, Ptah, and a deified version of Ramesses II. The temple was built with such precision that on two days a year, the 22nd of February and 22nd of October, the sun’s rays enter the temple, cross the main hall, and illuminate the innermost statues.  
Another rock-cut temple to the north, known as the Small Temple, is dedicated to the goddess Hathor and Ramesses II’s Great Royal Wife, Queen Nefertari. On the façade of the Small Temple, her colossi are the same size as those of her husband, a very rare example of such display.
The two temples were moved from their original location in 1968 after the Aswan High Dam was built, as it threatened to submerge them. The relocation was completed thanks to an international effort led by UNESCO, and the temple was admitted into its list of World Heritage Sites in 1979.
to download A Guide to Aswan click here!",06:00,17:00,https://egymonuments.gov.eg/media/2341/new4.jpg?anchor=center&mode=crop&width=645&height=423&rnd=134121754380000000,"https://www.google.com/maps/search/Abu+Simbel,+Aswan,+Egypt?hl=en"
AS-00003,Al-Bahnasa Tombs,Minya,"Al-Bahansa is famous for its ancient cemeteries and hills, and for the births of saints and martyrs, and many developments and changes came to it throughout the historical ages. The city of Al-Bahansa was of an important position in the Islamic era, as evidenced by many existing and vanished monuments. It was also an important commercial center located on the path leading to the Bahariya Oasis. The ancient tombs of Al-Bahansa include many domes and shrines of the Companions, followers and scholars, who came to it and cited it during the Islamic conquest of Egypt, as the city's garrison strongly resisted the Muslim army during its conquest, which led to the martyrdom of a large number of Muslims. Among the ancient domes in it are the dome of the Seven Girls, the dome of Ubadah ibn al-Samit and the dome of Muhammad ibn Abi Dhar al-Ghafari.",07:00,16:00,"https://egymonuments.gov.eg/media/8187/download.jpg?crop=0,0,0.11515763317285298,0&cropmode=percentage&width=645&height=423&rnd=133624022840000000","https://www.google.com/maps/search/Al-Bahnasa+Tombs,+Al-Minya,+Egypt?hl=en"
AS-00004,Al-Fustat (Old Cairo),Cairo,"After the Arab conquest in 21 AH/641 AD, Caliph Umar ibn al-Khattab wanted a new capital for Egypt, refusing Alexandria, the former capital city during the Ptolemaic and Roman Periods. Fustat was founded by general ‘Amr ibn al-‘As, making it  Egypt’s first Islamic capital.
The city’s name is derived from the Arabic word for “tent”, named after the camp set up by the army of ‘Amr ibn al-‘As in the future location of the new capital. Al-Fustat’s very first building was the mosque of Amr ibn al-‘As, which is also known as al-‘Atiq ""the Old Mosque.”
Today, al-Fustat is a part of the Old Cairo District. It is one of the most deep-rooted places in Cairo, as it contains many archaeological sites, such as the Synagogue of Ben E'zra, more than seven old churches, the Mosque of ‘Amr ibn al-‘As, the excavated remains of the old city of al-Fustat, the Nilometer on al-Roda island, the palace of al-Manesterley, and Mohammad Ali Palace in al-Manyal.",07:00,16:00,"https://egymonuments.gov.eg/media/1483/20160208_111547.jpg?center=0.45578231292517007,0.46581196581196582&mode=crop&width=645&height=423&rnd=133745893100000000","https://www.google.com/maps/search/Al-Fustat+(Old+Cairo),+Cairo,+Egypt?hl=en"
AS-00005,Al-Mu'izz Street,Cairo,"Al-Muizz Street is named after the Fatimid Caliph, al-Muizz li-Din Allah (341–365 AH / 953–975 AD), who first founded this street. He is also the founder of the Fatimid caliphates in Egypt since he ruled Egypt in (358-365AH\ 969-975AD). Today, it is the largest open-air museum for Islamic monuments in the world, and a unique heritage site that was added to the UNESCO World Heritage List in 1979. The street has borne many names over the centuries, and in 1937 it came to be known as al-Muizz in honour of the founder of Cairo.
          The historical street stretches between two of the gates of Cairo’s old city walls, from Bab al-Futuh in the north to Bab Zuwayla in the south, passing along many of the significant and uniquely preserved ancient alleys and streets, such as Amir al-Guyush Street, Darb al-Asfar, Borgowan Alley, Khan al-Khalili, and al-Ghuriyya.
          Twenty-nine monuments dotting the length of al-Muizz allow visitors to experience Islamic Egypt from the 10th to 19th centuries, starting from the Fatimid Period in Egypt (358–567 AH / 969–1171 AD) to the Muhammad Ali Dynasty (1220–1372 AH/ 1805–1953 AD). These monuments include buildings of various types, such as those that had a religious, domestic, commercial, or defensive function. Today, markets, vendors, and local crafts stores line up along al-Muizz street, adding to the charm of this historic street.",09:00,17:00,"https://egymonuments.gov.eg/media/2327/5.jpg?center=0.49549549549549549,0.5&mode=crop&width=645&height=423&rnd=134192589280000000","https://www.google.com/maps/search/Al-Mu'izz+Street,+Cairo,+Egypt?hl=en"
AS-00006,Al-Saliba Street,Cairo,"Al‑Saliba is one of the main old streets in medieval Islamic Cairo. It runs from Midan al‑Qalʿa (Salah al‑Din Square, also known as Citadel Square) all the way to al‑Sayyida Zeinab Square. The street was named al‑Saliba “Cross Street” around 700 years ago due to its intersections with many other streets along its path. From the 14th to mid‑16th centuries, al‑Saliba was lined with state establishments and the residences of the most important officials in Egypt.
          This historic street bore witness to many historical, political, and social events, from the convoys of Sultans, to state celebrations, and even plots prepared by Mamluk rulers against one another. Many princes lived in al‑Saliba and built military installations, including a military school and weapon and rifle workshops.
          A vast range of Islamic buildings can be found along just this one street, including mosques, schools, kuttabs (Quran teaching schools), sabils (public water fountains), khanqas (Sufi gathering locations), hammams (baths), and palaces. The whole street is an open‑air museum to Islamic Cairo in its entire splendor. Among the most important monuments on the street are Ahmed ibn Tulun Mosque, Bayt al-Kritliyya, and Sabil-Kuttab Um 'Abbas.",07:00,16:00,"https://egymonuments.gov.eg/media/1129/2.jpg?crop=0.049332498957029611,0,0.06268251981643741,0&cropmode=percentage&width=645&height=423&rnd=133745894240000000","https://www.google.com/maps/place/Sulayman+Agha+al-Silahdar+Mosque/@30.0421343,31.2567935,15z/data=!4m10!1m2!2m1!1sAl-Saliba+Street,+Cairo,+Egypt!3m6!1s0x1458409de2a4b541:0x390900d749f0e94d!8m2!3d30.0524938!4d31.2618766!15sCh5BbC1TYWxpYmEgU3RyZWV0LCBDYWlybywgRWd5cHRaHiIcYWwgc2FsaWJhIHN0cmVldCBjYWlybyBlZ3lwdJIBBm1vc3F1ZZoBRENpOURRVWxSUVVOdlpFTm9kSGxqUmpsdlQycEdVRnB0ZEhGaFZYQTJXbmt4ZUdSVlNtaFpWMDVWWXpOYWJVOVlZeEFC4AEA-gEECAAQKw!16s%2Fg%2F1hhzg4t5h?hl=en&entry=ttu&g_ep=EgoyMDI2MDYyOS4wIKXMDSoASAFQAw%3D%3D"
AS-00007,Al-Suyufiyya Street,Cairo,"Counted among the most important and longest streets in Islamic Egypt, al-Suyufiyya begins at the intersection of Muhammad Ali Street and ends at its intersection with al-Saliba Street. Al-Suyufiyya reflects the historical developments of the surrounding area. In the beginning of its history, it was part of the city of al-Qatai‘, and it witnessed the architectural development that took place during the Fatimid Caliphate. During the Ayyubid period, al-Suyufiyya was surrounded by groves, and partially overlooked Birkat al-Fil (“Elephant Pond”). The construction of Salah al-Din’s Citadel in 572 AH/1176 AD catalyzed urban expansion onto the street, and subsequently, in the Mamluk Period, the street became the home of the Mamluk nobles and ruling class. This continued during the Ottoman Period and Muhammad Ali Dynasty. Al-Suyufiyya Street includes a group of different Islamic monuments, such as palaces, mosques, tekiyyas, domes, and shrines, all of which date back to different periods. The most famous of those is the Palace of Prince Taz and the Mawlawi Tekiyya.",07:00,16:00,https://egymonuments.gov.eg/media/5509/dsc_0618.jpg?anchor=center&mode=crop&width=645&height=423&rnd=133988701220000000,"https://www.google.com/maps/place/%D9%85%D8%AF%D8%B1%D8%B3%D8%A9+%D8%A7%D9%84%D8%B3%D9%86%D9%8A%D8%A9+%D8%A7%D9%84%D8%AB%D8%A7%D9%86%D9%88%D9%8A%D8%A9+%D8%A8%D9%86%D8%A7%D8%AA%E2%80%AD/@30.0338054,31.2421788,17z/data=!4m10!1m2!2m1!1sAl-Suyufiyya+Street,+Cairo,+Egypt!3m6!1s0x145840b5046936df:0xb8eb7ef6ecfb3066!8m2!3d30.0338054!4d31.2421788!15sCiFBbC1TdXl1Zml5eWEgU3RyZWV0LCBDYWlybywgRWd5cHSSARZnaXJsc19zZWNvbmRhcnlfc2Nob29s4AEA!16s%2Fg%2F11c1s8pbs1?hl=en&entry=ttu&g_ep=EgoyMDI2MDYyOS4wIKXMDSoASAFQAw%3D%3D"
AS-00008,Alexandria,Alexandria,"Alexander the Great founded Alexandria in 331 BC on the Mediterranean coast in northern Egypt, tucked in the western Delta. An ancient Egyptian town or city by the name of Raqote appears to have already existed here.
After Alexander’s death in Babylon, in 323 BC, his generals fought amongst themselves for control over various territories of the empire. Ptolemy I Soter (306/5–283/2 BC) took control of Egypt, initiating the Ptolemaic Period. which would end with the famous Cleopatra VII. Alexandria became the seat of Ptolemaic rule, and remained the largest and most important city in the eastern Mediterranean until Constantinople’s rise to prominence starting the 5th century AD.
One of the major monuments that may be seen in Alexandria today is the towering and massive Diocletian’s Column (late 290s AD), which is more famously—but incorrectly—known as Pompey’s Pillar. It stands immediately next to the remains of the Serapeum, the principal temple of Serapis, the national god of ancient Egypt during this period. It was unfortunately destroyed when the Byzantine Emperor Theodosius outlawed paganism in 391 AD. Many others famed Alexandrian  monuments have unfortunately not survived either, such as the Great Lighthouse, and the Library of Alexandria. The majority of Alexandria’s surviving monuments are its necropoleis (cemeteries). The most well-known  of these is the Roman-era Kom al-Shoqafa, near the Serapeum. It comprises Greek-style catacombs and triclinia burials, a chapel, and a banqueting area that was used during funerals. Paintings and reliefs gracefully combine ancient Egyptian and Greek beliefs and artistic traditions.
The most impressive surviving non-funerary site is Kom al-Dikka. The monuments that can be seen here — which date to the late Roman to Byzantine Periods— include a theater building (odeion), a large bath complex, lecture rooms (auditoria), elite houses featuring gorgeous mosaics, and workshop spaces     .
The ancient city has suffered greatly throughout its history. It endured several major earthquakes in Late Antiquity and the Middle Ages. However, the glory of this city and its many monuments have survived in the memory and writings of Graeco-Roman travellers. More recently, underwater archaeology has begun to reveal the structures and colossal statues associated with the Ptolemaic harbor and coastal royal headquarters.",07:00,16:00,https://egymonuments.gov.eg/media/1459/roman-period.jpg?anchor=center&mode=crop&width=645&height=423&rnd=133988725810000000,"https://www.google.com/maps/search/Alexandria,+Alexandria,+Egypt?hl=en"
AS-00009,Amada Temples,Aswan,"Today, the temple of Amada, the temple of al-Derr, and the tomb of Pennut are located in the site of New Amada, around 160 km south of Aswan. They were in danger of permanent submersion under the waters of the Nile with the construction of the Aswan High Dam in the 1960s. Because of their immense historical value, these ancient monuments were rescued by UNESCO’s operation to salvage the monuments in Nubia. They were dismantled and relocated from their original sites to their new home in New Amada, just a few kilometres away. Since 1979, these beautiful monuments are now inscribed on UNESCO’s World Heritage List.",07:00,16:00,"https://egymonuments.gov.eg/media/7918/0288.jpg?crop=0.076271186440677971,0.18386803874092011,0.16101694915254236,0.063955896343143873&cropmode=percentage&width=645&height=423&rnd=134121772050000000","https://www.google.com/maps/search/Amada+Temples,+Aswan,+Egypt?hl=en"
AS-00010,Aswan,Aswan,"Aswan, called Sunn by the ancient Egyptians, is one of the most important cities in the south of Egypt, and acted as its southern gateway throughout history. As necessary stop for all traders and merchants coming from Nubia through the Nile, it was the link between Egypt and Africa. Aswan is the site of many archaeological sites and important landmarks such as the island of Elephantine, the ancient Egyptian granite quarries including the Unfinished Obelisk, the Coptic monastery of St Simeon, and the Nubian Museum.
Travelling a short distance to the north, you will find yourself in the temples of Edfu and Kom Ombo. To the south of Aswan, get on board a boat that will take you to the temples of Philae on the island of Agilkia. Farther to the south lies the Aswan high dam and, beyond it, you can explore the many great monuments of New Kalabsha Island. A southward journey of around 300km will take you to the legendary temples of Abu Simbel.  
to download A Guide to Aswan click here!
",07:00,16:00,https://egymonuments.gov.eg/media/8343/%D8%A3%D8%B3%D9%88%D8%A7%D9%86.jpeg?anchor=center&mode=crop&width=645&height=423&rnd=133680283280000000,"https://www.google.com/maps/search/Aswan,+Aswan,+Egypt?hl=en"
AS-00011,Ayn Shams City,Cairo,"Ayn Shams, meaning “Eye of the Sun” in Arabic, is located where the ancient ancient Egyptian centre Iunu was built. The Greeks called this town “Heliopolis”, referring to the Greek god of the sun Helios, as the Egyptian sun god Ra was worshiped in the main temple.      
It is one of the oldest capitals of the world. Little of the ancient town or temples were preserved.  The town is still excavated nowadays. The cemeteries preserved tombs of the Old Kingdom, including the tombs of Panhesy and Khonsu-ankh. It is likely that the temple, now destroyed, was as large as the temple of Karnak dedicated to Amun in modern Luxor. There, the priests were in charge of recording the passing of the solar year, establishing the Egyptian calendar and chronology.
The obelisk of Senwosret I dating to the 12th Dynasty (1956-1911 BC) remains standing on the site. Obelisks were sun rays represented in stone, thus a regular symbol for the sun god in ancient Egypt. Many obelisks from local temples were likely relocated by Greeks and Romans in the ancient world. A granite and sandstone column built by king Merenptah (1213-1203 BC) was discovered dismantled. It was transported, rebuilt and exhibited in the Grand Egyptian Museum.
Thanks to the discovery of texts related to the cult, the influential role of Heliopolis in the ancient Egyptian religious life is well-known. The sun god Ra-Atum was associated with one of the ancient Egyptian theories of creation. This god sat on the original mound that emerged from the flooding waters “Nun”, and started creating other gods of the air, Shu and Tefnut. From these air gods, the earth Geb and the sky Nut emerged, initiating the world's creation.
",07:00,16:00,"https://egymonuments.gov.eg/media/3381/senusert-i-obelisk_matarya_edit.jpg?center=0.3401360544217687,0.5113122171945701&mode=crop&width=645&height=423&rnd=133988696160000000","https://www.google.com/maps/search/Ayn+Shams+City,+Cairo,+Egypt?hl=en"
AS-00012,Beni Hasan,Minya,"The Beni Hasan cemetery is located in one of the most fertile regions of Egypt. This site includes some of the most impressive tombs of the Middle Kingdom. Its rich and well-preserved tombs attest the economic prosperity that it enjoyed.
The tombs are located in two distinct areas: the upper and lower cemeteries. The lower cemetery contains around 800 tombs, many of them shaft tombs. It mostly contains tombs of various officials from the First Intermediate Period (c.2181–2055 BC) to the Middle Kingdom (c.2055–1650 BC), but late Old Kingdom (c.2345–2181 BC) tombs, like Ipi’s, have also been discovered. The upper cemetery includes 39 rock-cut tombs, which were cut horizontally into the rock face of the cliffs. The walls of 12 of these tombs are decorated with beautifully painted scenes depicting activities of daily life, from agriculture and crafts to hunting and playing games, and also war and the arrival of foreigners on Egyptian lands.
The tombs of the upper cemetery are a testament to the ancient Egyptians’ architectural skills. They were cut into the rock with great accuracy using simple tools like chisels with bronze blades, which were struck with wooden mallets. The tombs are the final resting places of the senior officials of this region, the 16th Upper Egyptian province, which was known as the Oryx nome. They date to the 11th and 12th Dynasties of the Middle Kingdom (c. 2055–1795 BC). The repetition of names like Baqet, Khety, and Khnumhotep through a number of generations suggests that many of the owners of these tombs were related.",08:00,17:00,"https://egymonuments.gov.eg/media/5988/dsc_0408-copy.jpg?center=0.61904761904761907,0.47540983606557374&mode=crop&width=645&height=423&rnd=134193456880000000","https://www.google.com/maps/search/Beni+Hasan,+Al-Minya,+Egypt?hl=en"
AS-00013,Cairo Citadel,Cairo,"The Citadel of Sultan Salah al-Din al-Ayyubi (Saladin) is one of the most iconic monuments in Islamic Cairo, and among the most impressive defensive fortresses dating to the Middle Ages. Its strategic location on the Muqattam Hills gave it a formidable defensive position, and offered, as it still does today, an unrestricted panoramic view of Cairo.
          Sultan Salah al-Din al-Ayyubi was the first to order the construction of a fortress over the Muqattam Hills in (572 AH/ 1176 AD), but it was not completed during his lifetime. This was achieved during the reign of Sultan al-Kamel ibn al-Adel (604 AH/1207 AD) who decided to reside in it, making it the official residence of the rulers of Egypt. In the mid-nineteenth century, Khedive Ismail moved the official residence to Abdeen Palace in downtown Cairo.
          The Citadel witnessed some of the most significant events in Egyptian history from the time it was built to the end of the Muhammad Ali Dynasty, which was in power from the early nineteenth century until the 1952 revolution, when the modern Egyptian republic was born. Many monuments were added to the Citadel over the centuries, providing visitors today with an array of places to visit, such as the Mosque of Muhammad Ali Pasha, which dominates the Citadel. Other places to visit include the mosque of the Mamluk sultan al-Nasir Muhammad ibn Qalawun, the Ottoman-era Sulayman Pasha al-Khadim Mosque, as well as a number of museums such as the Police Museum, Al-Jawhara Palace Museum, and the Military Museum.",08:00,17:00,"https://egymonuments.gov.eg/media/2329/11.jpg?crop=0.085433156712032207,0.0063409072275135226,0.096589810938723319,0.058006619317293319&cropmode=percentage&width=645&height=423&rnd=134192587970000000","https://www.google.com/maps/place/Saladin+Citadel/@30.02843,31.2485704,15z/data=!4m10!1m2!2m1!1sCairo+Citadel,+Cairo,+Egypt!3m6!1s0x145840ac90c2ed63:0x2fdb96e4e9f72e6f!8m2!3d30.0287457!4d31.2597144!15sChtDYWlybyBDaXRhZGVsLCBDYWlybywgRWd5cHRaGyIZY2Fpcm8gY2l0YWRlbCBjYWlybyBlZ3lwdJIBCGZvcnRyZXNzmgFEQ2k5RFFVbFJRVU52WkVOb2RIbGpSamx2VDIxR2NWRldiRTFZTURGRVlUQTBlVlZXUmtwUlZrcDRZVmhrVGxZell4QULgAQD6AQQIABA-!16zL20vMDg0ZjZx?hl=en&entry=ttu&g_ep=EgoyMDI2MDYyOS4wIKXMDSoASAFQAw%3D%3D"
AS-00014,Dahshur,Giza,"Dahshur was the southern part of the cemetery of Memphis, the capital of ancient Egypt. Pyramids of the kings of the Old and Middle Kingdoms were erected on this hill. The first king of the 4th Dynasty Sneferu chose the rocky plateau of Dahshur to establish his first pyramid to compete with the pyramid of King Djoser in Saqqara but failed to complete it. This first attempt turned into a broken shape, but he built a complete pyramid at a distance from it, called the Red Pyramid. Nearby, the pyramids dating to the Middle Kingdom, starting from the pyramid of King Amenemhat II, stand although in a bad state. The pyramid of King Senwosret III is surrounded by the tombs of the princesses Sit-Hathor and Ment.
As for the Black Pyramid of King Amenemhat III, it is also in poor condition of conservation. Despite the erosion of its stones, it is still standing at a distance from the pyramid of Sneferu. The stone pyramidion, the tip of the pyramid, is on display at the Egyptian Museum. Several other pyramids of the 13th Dynasty were built at Dahshur.",08:00,17:00,"https://egymonuments.gov.eg/media/7225/140_cu0431.jpg?crop=0.058577405857740586,0.071605244407336149,0,0.0020660633680360994&cropmode=percentage&width=645&height=423&rnd=134193451330000000","https://www.google.com/maps/search/Dahshur,+Giza,+Egypt?hl=en"
AS-00015,Deir al-Bahari,Luxor,"The celebrated temple of Hatshepsut (c.1473–1458 BC), the queen who became pharaoh, is located here, in Deir al-Bahari, on the west bank of Luxor. Composed of three man-made terraces that gradually rise up toward the sheer cliff face, this structure is truly a sight to behold.
The site of Deir al-Bahari was sacred to Hathor, the goddess who nursed and reared every king, including their mythological ancestor, the god Horus, in Egypt’s primordial past. A manifestation of this goddess was believed to reside in the very hills under whose shadow lies the temple of Hatshepsut, and just on the other side of which is the site of the tombs of some of ancient Egypt’s most famous rulers, the Valley of the Kings. Stelae bearing prayers to Hathor depict her, in cow form, emerging from these mountains. This impressive geological formation features a summit that is naturally pyramid-shaped.
This was the reason why king Nebhepetre Mentuhotep (c.2055–2004 BC) chose this hallowed location as the site of his tomb and mortuary temple, 600 years before Hatshepsut set foot here. Royal mortuary temples complemented tombs, and the cults of deceased kings were maintained in these structures for the continued survival of their souls in the hereafter. The most prominent feature of Mentuhotep’s temple-tomb was a monumental structure, believed by some to have been a mastaba, which rose from the center of the main terrace.
The temple of Hatshepsut, the ‘Holy of Holies’, served as a mortuary temple for the female pharaoh and her revered father, Thutmose I. Sunset was regarded as the daily death of the sun god before his glorious rebirth in the east. Given its funerary nature, Hatshepsut’s mortuary temple was built on the west bank of the Nile, directly across the river from the main temple of Amun in Karnak. The statues of this god, his wife Mut, and their son Khonsu left their temples every year during the Opet festival (Beautiful Feast of the Valley), and crossed the Nile to visit the royal mortuary temples, including Hatshepsut’s, which appears to have been one of their most important stops.",06:00,17:00,"https://egymonuments.gov.eg/media/4839/queen-hatshepsut-edit-001.jpg?center=0.5161290322580645,0.56934306569343063&mode=crop&width=645&height=423&rnd=134121772650000000","https://www.google.com/maps/search/Deir+al-Bahari,+Luxor,+Egypt?hl=en"
AS-00016,ELkab,Aswan,"This is site of ancient city of Nekhbet. as the cult center of the vulture goddess Nekhbet, the tutelary deity of Upper Egypt. Here, you will find many important monuments dating all the way back from the Predynastic Period to the Graeco-Roman Period, most notably the remains of the temple of Nekhbet and the walls of ancient city.
Do not miss the beautifully decorated New Kingdom tombs and especially the biographical inscriptions carved into their walls like those of Paheri, Ahmose Pennekhbet, and most famous of all, Ahmose, son of Abana, who fought against the Hyksos just in the New Kingdom. 
to download A Guide to Aswan click here!",07:00,17:00,https://egymonuments.gov.eg/media/8350/%D8%A7%D9%84%D9%83%D8%A7%D8%A8.jpg?anchor=center&mode=crop&width=645&height=423&rnd=134248780880000000,"https://www.google.com/maps/place/El-Kab+Tombs/@24.5441524,32.8444498,9z/data=!4m10!1m2!2m1!1sELkab,+Aswan,+Egypt!3m6!1s0x144996b7979faf3f:0xe01a2b83d009f499!8m2!3d25.1275295!4d32.7984407!15sChNFTGthYiwgQXN3YW4sIEVneXB0WhMiEWVsa2FiIGFzd2FuIGVneXB0kgETaGlzdG9yaWNhbF9sYW5kbWFya5oBI0NoWkRTVWhOTUc5blMwVkpRMEZuU1VNdGVFeHRPVlpCRUFF4AEA-gEECAAQGw!16s%2Fg%2F122dlsm0?hl=en&entry=ttu&g_ep=EgoyMDI2MDYyOS4wIKXMDSoASAFQAw%3D%3D"
AS-00017,El Hawawish,Sohag,"Al Hawawish Cemetery is considered one of the most prominent archaeological sites in Sohag, as Al Hawaish is located about 10 km east of Sohag, and about 7 km from Akhmim, which was its main cemetery during the Old Kingdom. This attracted the Australian Research Council and Macquarie University's Australian Center for Egyptology Research to conduct scientific excavations at the site from the early 1980s until the early 1990s.
Al Hawawish Cemetery contains more than 800 tombs which date to the Old Kingdom (2684-2160 BC) and the First Intermediate  Period (2160-2034BC).Nearly 60 tombs still preserve some inscriptions, scenes of funerals, offerings, daily life, dancing and hunting and agriculture in the ancient Akhmim, while five of them are particularly well preserved.",07:00,17:00,"https://egymonuments.gov.eg/media/6820/7c2bc464-14d2-4109-b1af-f2eee6718.jpg?center=0.75490196078431371,0.69736842105263153&mode=crop&width=645&height=423&rnd=134193453200000000","https://www.google.com/maps/search/El+Hawawish,+Sohag,+Egypt?hl=en"
AS-00018,El Sheikh Hamad (Athribis),Sohag,"Dating back to the 4th century BC, Athribis was founded relatively late in comparison to many other ancient Egyptian sites. Its temple is located to the west of the settlement with mud brick houses, which has yet to be excavated.
The Ptolemaic and Roman Period tombs of the city’s residents, dating up to the 4th century AD, are located in the hill nearby. Above the tombs are the limestone quarries from which the temple’s stone blocks were sourced.
Major excavations of the archeological site of Athribis were undertaken by William Flinders Petrie in 1906–1907, by the Egyptian Antiquities Authority in 1981–1997, and by the Egyptian-German mission in 2003–2012.
The temple of Ptolemy XII is one of the most important temples in the site. Completed by the Roman emperors Tiberius until Hadrian, the temple suffered from an earthquake that caused its demolition.
The inner walls of the temple are surrounded by the 26 columns;it is a unique design in Egyptian architecture. The walls of the Holy of holies, the sanctuary, are depicted with distinct scenes of  procession of daily gods, representing a day of the Egyptian calendar. Each god carries a vase in the form of a hawk's head topped by a sun disk.
The Temple of Ptolemy IX is located to the west of the Temple of Ptolemy XII. The first temple was dedicated to the worship of the Min-Ra. and the temple is still buried under the sand and its gate found in 1983, linking the two temples to a floor of stone tiles.
The archaeological site includes the rock temple of Ascalpius, which consists of a court, a stone façade, and two halls carved into the rock, the temple dated the end of the Ptolemaic period based on its decoration.
The excavations of the temple also revealed the remains of a Coptic Basilica Church in the south side, three longitudinal corridors divided by two rows of columns that could be dated by breaking the pottery found to the 5th and 6th centuries AD.
Finally, there is an open museum that can be visited: it includes some stone blocks of the temple's facade, the remains of the entrance, the corniche and the doorsteps held on the columns of crowns in the Hathor goddess form.
",07:00,17:00,"https://egymonuments.gov.eg/media/6817/9ad2bf3a-d6ce-434a-af86-4395639c4d45.jpg?crop=0.024284419116694725,0.11920408072269824,0.24718300738246349,0.16468264186631137&cropmode=percentage&width=645&height=423&rnd=134159745900000000","https://www.google.com/maps/search/El+Sheikh+Hamad+(Athribis),+Sohag,+Egypt?hl=en"
AS-00019,Elephantine,Aswan,"Elephantine is an archaeological island on the Nile Riverbank, which was the gateway into Egypt for all traders entering from Nubia. 
Many different monuments await you here, including the remains of ancient houses that belongs to the temple of the god of the annual Nile flood khnum , and the temple of the goddess who guarded Egypt's Sothern frontiers, Satet, who was also associated with the annual Nile flood. Make sure you don't miss the Nilometer or the nearby museum, where the objects discovered by the German archaeological mission that works on the island are on display. The island of Elephantine was inscribed on UNESCO'S World Heritage List in 1979.
to download A Guide to Aswan click here!",08:00,16:00,https://egymonuments.gov.eg/media/8353/%D8%AC%D8%B2%D9%8A%D8%B1%D8%A9-%D8%A5%D9%84%D9%81%D9%86%D8%AA%D9%8A%D9%86.jpg?anchor=center&mode=crop&width=645&height=423&rnd=134121768400000000,"https://www.google.com/maps/search/Elephantine,+Aswan,+Egypt?hl=en"
AS-00020,Gebel al-Silsila,Aswan,"Gebel al-Silsila is a mountainous region with sandstone quarries on both sides of the Nile. The sandstone quarries of Gebel al-Silsila have been used from the Middle Kingdom (c. 2034–1650 BC) until the 20th century. More than a hundred quarries were exploited to extract the sandstone blocks needed to construct many of ancient Egypt’s famous temples. The quarries have preserved tool marks and workers’ inscriptions that can be seen today.
Two temples existed on the west bank of Gebel al-Silsila, both dating to the reign of Horemheb (c. 1323–1295 BC), but only one has survived. This rock-cut temple is called the Speos of Horemheb and was dedicated to seven deities whose statues can be seen in its sanctuary.
South of it thirty-two rock-chapels cut into the cliff-face above the Nile for New Kingdom high officials, mostly contemporaries of Hatshepsut and Thutmose III (c. 1479–1425 BC).
South of these; are the rock-cut porch-like structures of Sety I (c. 1294–1279 BC), Rameses II (c. 1279–1213 BC), and Merenptah (c. 1213–1203 BC), and the large stela of Rameses III (c. 1184–1153 BC).
There are also many more shrines, stelae, and graffiti on both sides of the Nile, ranging in date from prehistory to even after the Roman Period.
Many deities associated with the Nile were worshipped in the Speos and surrounding shrines, such as the god of the inundation Hapy, the hippopotamus goddess Taweret, the ram-headed god Khnum, and Gebel al-Silsila’s local deity the crocodile god Sobek. Isis, Horus, Min, and the triad of Thebes (Amun, his wife Mut, and their son Khonsu) were also prominent here.
to download A Guide to Aswan click here!",07:00,16:00,"https://egymonuments.gov.eg/media/7778/img_20211214_132220.jpg?center=0.512,0.50359712230215825&mode=crop&width=645&height=423&rnd=134121769440000000","https://www.google.com/maps/place/Gebel+el+Silsila/@24.650135,32.9109993,15z/data=!4m10!1m2!2m1!1sGebel+al-Silsila,+Aswan,+Egypt!3m6!1s0x143603975161ff1d:0xc8fb04e12f0489a7!8m2!3d24.650135!4d32.9300537!15sCh5HZWJlbCBhbC1TaWxzaWxhLCBBc3dhbiwgRWd5cHSSARNoaXN0b3JpY2FsX2xhbmRtYXJr4AEA!16s%2Fg%2F11h22hxpmy?hl=en&entry=ttu&g_ep=EgoyMDI2MDYyOS4wIKXMDSoASAFQAw%3D%3D"
AS-00021,Giza Plateau,Giza,"The pyramids of Giza and the Great Sphinx are among the most popular tourist destinations in the world, and indeed already were even in Roman times. Each of these spectacular structures served as the final resting place of a king of the 4th Dynasty (c.2613–2494 BC). The Great Pyramid of Giza was built for king Khufu (c.2589–2566 BC), and the other two for Khafre and Menkaure, his son and grandson. Khufu’s pyramid is both the oldest and largest of the three, and the first building to exceed it in height would not be built for another 3,800 years!
Although the three pyramids dominate the plateau, they are in fact surrounded by many other monuments. Every king’s pyramid was just one element albeit the most important of a larger complex that included smaller, subsidiary, queens’ pyramids; an additional one that acted as a second, symbolic, tomb for the king, called a satellite pyramid; mastaba tombs for nobility and other family members; burials of actual and/or symbolic boats; and a pair of temples linked by a richly decorated causeway. One of these temples, called the valley temple, led into the pyramid complex, and was located on or near a body of water where boats could dock. The other, the funerary (or upper) temple, stood near the base of the pyramid. Priests maintained the mortuary cult of the deceased king in these temples, where his divine aspect was worshiped, and where rich and diverse offerings were presented to his soul so he could have a peaceful and luxurious afterlife.",08:00,16:00,"https://egymonuments.gov.eg/media/1215/pyramidsss.jpg?crop=0.26411576704545459,0.10024175153587361,0.025656960227272589,0.22526225483213388&cropmode=percentage&width=645&height=423&rnd=134159695430000000","https://www.google.com/maps/search/Giza+Plateau,+Giza,+Egypt?hl=en"
AS-00022,Heliopolis,Cairo,"Baron Empain chose the site of Masr al-Gadida at the beginning of the twentieth century in agreement with Boghos Nubar Pasha. Both men agreed that the site was perfect for Baron Empain’s city of dreams, which he sought to build east of Cairo and overlooking the old city, specifically near Matariyya and the ruins of Heliopolis. This vision was one of the most successful architectural executions witnessed by the twentieth century. This vision turned the desert into a lively neighborhood fully furnished with services and encompassing different groups of society.
Heliopolis was also the crucible of several new and innovative architectural styles, which merged the Islamicm Hindu, and European styles. Baron Empain’s palace, constructed in 1911 AD, is a testimony to this diversity, as its French architect, Alexander Marcel, was inspired by Cambodian temples.
The beautiful city of Heliopolis was designed not only to revive Egypt’s rich Islamic heritage. Rather, Baron Empain and Boghus Nubar had the intention of creating a global, comprehensive city.",07:00,16:00,https://egymonuments.gov.eg/media/5819/08ba48031809782d2497f6a350b08fe2.jpg?anchor=center&mode=crop&width=645&height=423&rnd=133988706830000000,"https://www.google.com/maps/search/Heliopolis,+Cairo,+Egypt?hl=en"
AS-00023,Karnak,Luxor,"Aptly called Ipet‑Sut ‘The Most Select of Places’ by the ancient Egyptians, Karnak was one of the most important sites of all. Located on the east bank of Thebes (modern Luxor), Upper Egypt, it is the site of many temples and chapels, and it was in the Great Temple of Amun that the cult of the god Amun of Thebes was conducted. As such, it was extremely wealthy and its priesthood held great political power.
The line of kings who reunified Egypt after the First Intermediate Period hailed from Thebes. It thus became one of the most important cities, a position that it would continue to hold throughout the majority of ancient Egyptian history. The importance of Amun rose in tandem with the city’s rise to prominence. From the earliest evidence for it from the reign of Intef II (c. 2112–2063 BC) to the Ptolemaic Period (305 BC–30 BC), his temple was accordingly lavished with royal attention in the form construction projects, ritual equipment and other necessities, with some additions in the Roman Period (30 BC–AD 306). Nearly every king who reigned during the New Kingdom (c. 1550–1069 BC), Egypt’s age of empire, left his mark here.
Karnak was in reality a complex of temples, consisting of several zones: In addition to the largest, the Amun Precinct, there are the Precinct of Mut, his wife, to the south; the Precinct of Montu to the north; and, to the east, Akhenaten’s temple to Aten.
Like most ancient Egyptian temples, the Great Temple of Amun is built on an east–west axis. Ancient Egyptian temples were models of the cosmos, and this layout meant that they mirrored the sun god’s trajectory through the sky. Exceptionally, however, it also possesses a north–south axis, which orients it towards another temple, the abode of Amenemopet known today as Luxor Temple. This was a different version of Amun specific to south Luxor. Karnak and Luxor Temple were linked by a processional way lined with sphinxes. This was used in one of the most important celebrations of the ancient Egyptian calendar, the Opet Festival.
In addition to the ancient Egyptians’ mastery of stone, which is evident everywhere in the scale of the monuments, the reliefs covering their walls, and the statues populating them, several highlights are worth mentioning. The temple of Amun’s world‑famous Great Hypostyle Hall is a forest of 134 columns. These massive columns have a height of 15 metres, aside from the larger, central, twelve, which stand 21 metres tall. The hall may have been begun by Amenhotep III (c. 1390–1352 BC; 18th Dynasty), but the bulk of the construction, and all of the decoration, are from the reigns of 19th Dynasty kings Sety I (c. 1294–1279 BC) and his son Rameses II (c. 1279–1213 BC). Two magnificent obelisks stand nearby, the larger of the two, erected by Hatshepsut (c. 1473–1458 BC), standing at a colossal height of almost 30 metres and weighing over 300 tons. At the eastern end of Karnak is the Akh-menu, a temple by Thutmose III (c. 1479–1425 BC) dedicated to the cults of various deities, his royal predecessors, as well as his own cult.
          The enclosure walls of the Amun Precinct also include a full temple to Khonsu in the southwestern corner, next to which is the temple of Opet, a hippopotamus goddess of childbirth, mostly built in the Ptolemaic Period. The beautiful sacred lake, where priests purified themselves before carrying out temple rituals, can still be appreciated today. Many more, smaller, temples and chapels dot the landscape of Karnak, making it a veritable open‑air museum.",06:00,17:00,"https://egymonuments.gov.eg/media/2763/dsc_0102.jpg?crop=0.14770057066129572,0,0.097012420275260261,0.2600913137110793&cropmode=percentage&width=645&height=423&rnd=134121753820000000","https://www.google.com/maps/search/Karnak,+Luxor,+Egypt?hl=en"
AS-00024,Mary’s Tree,Cairo,"The holy family sought refuge under a tree in Matariyya (the ancient city of Heliopolis), today known as “Mary’s Tree.” It became a popular religious site visited by many people from all over the world throughout the ages. The original tree eventually grew weak and fell in 1656 AD. A group of Franciscan priests gathered its branches and replanted them.
The tree drew the attention of medieval historians such as al-Maqrizi and Imam al-Suyuti, both of whom paid it a  visit. Orientalist travelers such as Stanley Lin also visited the site, as did the French Empress Eugene during the inauguration of the Suez Canal in 1869, during the reign of Khedive Ismail.
Some French soldiers passed by the tree in 1800, during the battle of Ain Shams between the French and Ottoman armies. The soldiers carved their names with their swords into the tree’s branches.
To download Mary's Tree brochure click here!",09:00,17:00,"https://egymonuments.gov.eg/media/7136/%D9%85%D9%86%D8%B7%D9%82%D8%A9-%D8%A7-%D8%AB%D8%A7%D8%B1-%D8%B4%D8%AC%D8%B1%D8%A9-%D9%85%D8%B1%D9%8A%D9%85.jpeg?center=0.50617283950617287,0.5&mode=crop&width=645&height=423&rnd=134192629140000000","https://www.google.com/maps/search/Mary%E2%80%99s+Tree,+Cairo,+Egypt?hl=en"
AS-00025,Philae,Aswan,"The monuments of Philae include many structures dating predominantly to the Ptolemaic Period (332–30 BC). The most prominent of these is a temple begun by Ptolemy II Philadelphus (285–246 BC), which he dedicated to Isis, the mother of Horus, the god of kingship. A scene in the mammisi, or birth room, where the birth of Horus was celebrated, depicts Isis suckling her son Horus in the marshes.
The temple of Isis was one of the last ancient Egyptian temples to remain active, as it continued to function until the reign of the Byzantine Emperor Justinian I (527–565 AD), who ordered the foreclosure of all pagan temples. It is here that a priest of Isis named Esmet-Akhom carved the very last dated hieroglyphic inscription, which dates to the late 4th century AD (394 AD). The temple was converted into a Christian church and many inscriptions were deliberately destroyed.
Nearby, there also is a temple dedicated to Hathor built by Ptolemy VI Philometor (180–145 BC) and Augustus, the first emperor of Rome (30 BC–14 AD). The Kiosk of Trajan (98–117 AD), which used to front the temple complex of Philae, still stands strong, despite its roof having disappeared. Its regular arrangement of columns made it an aesthetic delight and was regularly described or depicted by travelers to the island. Isis is once again central to this cult, as the emperor is shown making offerings to her, her consort Osiris, and their son Horus.
All these monuments were relocated from the original Philae island to the nearby island of Agilkia during the UNESCO Nubia Campaign in the 1960’s to rescue sites flooded by the construction of the Aswan High Dam.
to download A Guide to Aswan click here!",07:00,16:00,"https://egymonuments.gov.eg/media/2509/dsc_1871c.jpg?crop=0.085271317829457363,0,0.042635658914728682,0.141889312241527&cropmode=percentage&width=645&height=423&rnd=134121765140000000","https://www.google.com/maps/search/Philae,+Aswan,+Egypt?hl=en"
AS-00026,Qubbat Al-Hawa Cemetery,Aswan,"Qubbat Al-Hawa Cemetery consists of several tombs on the west bank of the Nile across the river from the northern tip of Elephantine Island cut into the rocky slopes of the cliffs that offer an enchanting panorama that reveals the beauty of Aswan. 
These tombs are those of local governors and high dignitaries from the Old to Middle Kingdoms. This cemetery site, which remained in use from the Old kingdom to the Roman Period, is named after the domed tomb of Sheikh Aly Abu Al-Hawa (qubba meaning dome in Arabic), which stands at the top of the cliffs above the tombs.
to download A Guide to Aswan click here!",07:00,16:00,https://egymonuments.gov.eg/media/8359/%D9%85%D9%82%D8%A7%D8%A8%D8%B1-%D8%A7%D9%84%D9%86%D8%A8%D9%84%D8%A7%D8%A1-%D9%82%D8%A8%D8%A9-%D8%A7%D9%84%D9%87%D9%88%D8%A7.jpg?anchor=center&mode=crop&width=645&height=423&rnd=134121766030000000,"https://www.google.com/maps/search/Qubbat+Al-Hawa+Cemetery,+Aswan,+Egypt?hl=en"
AS-00027,Saint Catherine’s Monastery,South Sinai,"On the slopes of Mount Sinai, where Moses received the Ten Commandments from God, lies one of the oldest functioning monasteries in the world. Commonly known as Saint Catherine’s Monastery, its actual name is the “Sacred Monastery of the God-Trodden Mount Sinai”. It was built by the order of the Byzantine Emperor Justinian I (527–565 AD) in 548–565 ADin order to house the monks that had been living in the Sinai Peninsula since the 4th century AD.
            The eponymous Saint Catherine of Alexandria was martyred in the early 4th century AD. The monastery bears her name because its monks discovered her incorrupt body on nearby Mount Saint Catherine in the 9th century AD, where it had been deposited by angels after her martyrdom.
            The monastery encompasses multiple structures, the most important of which is the Church of the Transfiguration of Christ the Savior, which itself contains nine smaller churches. One of these is the Church of the Burning Bush, from which God had spoken to the prophet Moses. Saint Catherine’s Monastery also includes ten other churches, the monks’ accommodations, a refectory, an olive press, ossuaries, a Fatimid mosque from the 12th century AD, and a library that boasts rare books and6,000 manuscripts.",07:00,16:00,https://egymonuments.gov.eg/media/2638/katharinenkloster.jpg?anchor=center&mode=crop&width=645&height=423&rnd=134159710830000000,"https://www.google.com/maps/search/Saint+Catherine%E2%80%99s+Monastery,+South+Sinai,+Egypt?hl=en"
AS-00028,Salah al-Din Square,Cairo,"Situated just beneath the Citadel, Salah al-Din Square (or Maydan al-Qal’a “Citadel Square”) is considered one of the most important historical squares in Cairo. It was given several names throughout its history, such as the Black Square and al-Remela Square.
It was subject to several phases of destruction by Mamluks and subsequent sultans. It was Muhammad ibn Qalawun who renovated the square, since it served as a polo court for him and his princes. During his reign, Salah al-Din Square was the venue for the prayers of the two most important Islamic festivals, Eid al-Fitr and Eid al-Adha. Ibn Qalawun also used the square as a reception area for ambassadors and foreign envoys, as well as a hall for celebrations and military parades.
The square overlooks number of Islamic monuments like: the citadel of Salah al-Din which opens onto the square by Bab al-Azzab, al-Mahmudiyya Mosque, Mosque and Madrasa of al-Sultan Hasan and al-Rifa’i Mosque. Several streets branch out from the Salah al-Din Square, including Souq al-Silah, Seket al-Mahgar, al-Imam Shafi’i and al-Qadam which leads to the mosque and shrine of al-Sayyida Nafisa.",07:00,16:00,"https://egymonuments.gov.eg/media/1114/%D8%B5%D9%84%D8%A7%D8%AC-%D8%A7%D9%84%D8%AF%D9%8A%D9%86.jpg?center=0.50724637681159424,0.50485436893203883&mode=crop&width=645&height=423&rnd=133848897930000000","https://www.google.com/maps/place/%D9%85%D9%8A%D8%AF%D8%A7%D9%86+%D8%B5%D9%84%D8%A7%D8%AD+%D8%A7%D9%84%D8%AF%D9%8A%D9%86%E2%80%AD/@30.0312897,31.2523323,17z/data=!4m10!1m2!2m1!1sSalah+al-Din+Square,+Cairo,+Egypt!3m6!1s0x1458414853637317:0xfcef70f99e8b9f2d!8m2!3d30.0312897!4d31.2570959!15sCiFTYWxhaCBhbC1EaW4gU3F1YXJlLCBDYWlybywgRWd5cHRaISIfc2FsYWggYWwgZGluIHNxdWFyZSBjYWlybyBlZ3lwdJIBE2hpc3RvcmljYWxfbGFuZG1hcmuaASRDaGREU1VoTk1HOW5TMFZKUTBGblNVUkVORGRFVTNkQlJSQULgAQD6AQQIABBA!16s%2Fg%2F11r_pct0m?hl=en&entry=ttu&g_ep=EgoyMDI2MDYyOS4wIKXMDSoASAFQAw%3D%3D"
AS-00029,Saqqara,Giza,"Located 40 km southwest of Cairo, Saqqara is one of the most important cemeteries of Memphis, which was itself one of the most important cities in ancient Egyptian history. The name of the site most likely derives from the god of this necropolis, Sokar.
 Saqqara is truly an open-air museum, one that has all of ancient Egyptian history on display. Kings and noblemen from the very first two dynasties (c.3040–2686 BC) were buried here, and this is also the location of the Step Pyramid of Djoser (c.2686–2667 BC).     
The pyramids of some of the most important kings of the Old Kingdom Fifth (c.2494–2345 BC) and Sixth (c.2345–2181 BC) Dynasties are located in Saqqara. One of these, the pyramid of Unas (also known as Wenis; (c.2375–2345 BC), features the oldest pyramid burial chamber decorated with texts. These are the so-called Pyramid Texts, the purpose of which was to protect the deceased king on his journey to the afterlife. In addition to Old Kingdom royal burials, Saqqara is also full of the tombs of the noblemen of this period, which are decorated with scenes and texts of outstanding beauty and craftsmanship.
Saqqara also features tombs from the First Intermediate Period (c.2181–2055 BC), Middle Kingdom (c.2055–1650 BC), and New Kingdom (c.1550–1069 BC). The New Kingdom tombs display an architectural style completely different from their Upper Egyptian counterparts in Thebes. Among them is the tomb of none other than Horemheb (c.1323–1295 BC), the non-royal individual, the general, who became king. He was never buried here however, for, upon ascending the throne, he built a new tomb in the Valley of the Kings worthy of his royal rank.
     Among the most important of Saqqara’s monuments is the Serapeum, a series of underground galleries in which the Apis Bulls were buried from the Eighteenth Dynasty (c.1550–1295 BC) to the Ptolemaic Period (332–30 BC). The Apis Bull was considered an incarnation of Ptah himself, one of the most important gods of Memphis, and as such, there was only ever one Apis Bull at a time. When it died, it was buried with full honors until his successor could be found.
     Egypt’s Coptic era is featured in Saqqara as well through the remains of the Monastery of Apa Jeremiah, which was in use until the eighth century AD. Today, Saqqara is also the site of the Imhotep Museum, in which objects from the site’s immense chronological span are displayed.",08:00,16:00,"https://egymonuments.gov.eg/media/2068/0674.jpg?crop=0.15775326153576744,0,0.13235706155327912,0&cropmode=percentage&width=645&height=423&rnd=134256504910000000","https://www.google.com/maps/place/Saqqara+Pyramid/@29.8883938,31.1891608,12z/data=!4m10!1m2!2m1!1sSaqqara,+Giza,+Egypt!3m6!1s0x14584bd4cd4a2873:0xe08c36415baeee76!8m2!3d29.8684624!4d31.2168246!15sChRTYXFxYXJhLCBHaXphLCBFZ3lwdFoUIhJzYXFxYXJhIGdpemEgZWd5cHSSAQ1oaXN0b3JpY19zaXRlmgEjQ2haRFNVaE5NRzluUzBWSlEwRm5TVVJPT1RodVlrSjNFQUXgAQD6AQQIABAx!16zL20vMHBjdzk?hl=en&entry=ttu&g_ep=EgoyMDI2MDYyOS4wIKXMDSoASAFQAw%3D%3D"
AS-00030,Shali village in Siwa Oasis,Matrouh,"The village of Shali in Siwa Oasis - Matrouh Governorate. ""Shali"" is a Siwi word meaning city. The village of Shali was built from the material of the archive, which is clay saturated with salt. If it dries up, it becomes similar to cement in its hardness. It is a unique style of construction, and it dates back to the sixth century AH / twelfth century AD.
The city is surrounded by a sturdy building wall that has only one entrance called “The Bab Anshal”, meaning the gate of the City, and on the northern side of the city wall there is the ancient mosque, which is the oldest mosque built with mud in Africa, and after a century passed, a second gate was opened on the southern side of the wall near the oil press called “Bab Athrat”, meaning the new door and a third door opened after a century had passed, called “Qaduha” for women only.
The city includes the Al-Ateeq Mosque and the Sheikha Hasina Mosque, known as the Tandi Mosque, in addition to the city's houses and ruins of its buildings.
The ancient city of ""Shali"" includes 6 deep water wells that served the people of the oasis in drinking water. The restoration work has been completed, making the village eligible for a visit with its ruins, reflecting the city's history and its historical value.",07:00,16:00,https://egymonuments.gov.eg/media/6386/307770-%D8%B3%D9%8A%D9%88%D8%A9-%D8%A7%D9%84%D9%82%D8%AF%D9%8A%D9%85%D8%A9-%D8%B9%D9%84%D9%89-%D8%A8%D8%B9%D8%AF-%D8%AE%D8%B7%D9%88%D8%A7%D8%AA-%D9%85%D9%86-%D8%A5%D8%B9%D9%84%D8%A7%D9%86%D9%87%D8%A7-%D9%85%D9%86%D8%B7%D9%82%D8%A9-%D8%AA%D8%B1%D8%A7%D8%AB-%D8%B9%D8%A7%D9%84%D9%85%D9%8A-10.jpg?anchor=center&mode=crop&width=645&height=423&rnd=133988715580000000,"https://www.google.com/maps/place/Siwa+Shali+Resort/@29.199525,25.537083,14z/data=!4m13!1m2!2m1!1sShali+village+in+Siwa+Oasis,+Matrouh,+Egypt!3m9!1s0x147aafad41ae72a9:0xa507436b292d203d!5m2!4m1!1i2!8m2!3d29.178605!4d25.5541816!15sCitTaGFsaSB2aWxsYWdlIGluIFNpd2EgT2FzaXMsIE1hdHJvdWgsIEVneXB0kgEMcmVzb3J0X2hvdGVs4AEA!16s%2Fg%2F1tk40mkn?hl=en&entry=ttu&g_ep=EgoyMDI2MDYyOS4wIKXMDSoASAFQAw%3D%3D"
AS-00031,Tell Basta,Sharqia,"Tell- Basta gets its name from the ancient Egyptian Per-Bastet “the house of goddess Bastet”, which was the cult center of the feline goddess Bastet. The latter, a lioness goddess, was associated with female fertility and played a main protective role.
Per-Bastet was the capital of the 18th Lower Egyptian nome (province) during the New Kingdom period (c.1550–1069 BC). It was also the capital of the country during the 22nd Dynasty (c.945–715 BC).
Its strategic position, in the eastern Delta, made it an important trade hub through which travelers could trade caravans to and from the Sinai and beyond. Most importantly, Bubastis was visited by the Holy Family during its journey to Egypt.
Per Bastet also features the temple of Bastet and the statue of Queen Meritamun, the once daughter and then wife of Ramesses II (c.1279–1213 BC). In addition, one can also find the remaining pillars of the 6th Dynasty temple of Pepi I (c.2289–2255 BC), a large palace of Amenemhat III (c.1855–1808 BC), and remains of a well dating to the Roman Period.
Tell Basta has a long history of excavations undertaken by both Egyptian and foreign missions. Édouard Naville excavated the temple of Bastet between 1887 and 1889, and then Labib Habachi discovered the temple of Pepi I in 1939. A colossal palace of Amenemhat III was excavated by the teams of the Supreme Council of Antiquities and Zagazig University directed by Shafiq Farid in the 1960s, by Ahmed el-Sawi around a decade later, and then by Mohammed Ibrahim Bakr in the late 1970s and 1980s.
to download the brochure of Tell Basta,click here!
to download the Tell Basta Museum brochure, click here!",09:00,17:00,"https://egymonuments.gov.eg/media/6890/00-2-jpgedit.jpg?center=0.50632911392405067,0.49789029535864981&mode=crop&width=645&height=423&rnd=134193457840000000","https://www.google.com/maps/search/Tell+Basta,+Al-Sharkia,+Egypt?hl=en"
AS-00032,Temples of Wadi al Sebua,Aswan,"The site New Wadi al-Sebua results from the relocation of temples in Nubia after the construction of the Aswan High Dam in the 1960s by the Egyptian government. It is only 4 km northwest of the original site of Wadi al-Sebua. It welcomes several temples about to be covered with the Nile water. It hosts the Ramessid temple of Wadi al-Sebua dedicated to Amun-Ra and Ra-Horakhty, the Graeco-Roman temple of Dakka dedicated to Thoth, and the Roman temple of al-Mahrraqa dedicated to the couple Isis and Serapis. All these temples were inscribed on the UNESCO World Heritage Site in 1979 as part of Nubian Monuments.
to download A Guide to Aswan click here!",07:00,16:00,"https://egymonuments.gov.eg/media/7905/dsc_0173.jpg?crop=0.076305220883534142,0.095629666956800585,0.020080321285140562,0.0030730402377037581&cropmode=percentage&width=645&height=423&rnd=134121766220000000","https://www.google.com/maps/search/Temples+of+Wadi+al+Sebua,+Aswan,+Egypt?hl=en"
AS-00033,Valley of the Kings,Luxor,"The rulers of the Eighteenth, Nineteenth, and Twentieth Dynasties of Egypt’s prosperous New Kingdom (c.1550–1069 BC) were buried in a desolate dry river valley across the river from the ancient city of Thebes (modern Luxor), hence its modern name of the Valley of the Kings. This moniker is not entirely accurate, however, since some members of the royal family aside from the king were buried here as well, as were a few non-royal, albeit very high-ranking, individuals. The Valley of the Kings is divided into the East and West Valleys. The eastern is by far the more iconic of the two, as the western valley contains only a handful of tombs. In all, the Valley of the Kings includes over sixty tombs and an additional twenty unfinished ones that are little more than pits.
The site for this royal burial ground was selected carefully. Its location on specifically the west side of the Nile is significant as well. Because the sun god set (died) in the western horizon in order to be reborn, rejuvenated, in the eastern horizon, the west thus came to have funerary associations. Ancient Egyptian cemeteries were generally situated on the west bank of the Nile for this reason.
The powerful kings of the New Kingdom were laid to rest under the shadow of a pyramid-shaped peak rising out of the cliffs surrounding the valley. The selection of even the specific valley in which the royal tombs were excavated was not left to chance. The pyramid was a symbol of rebirth and thus eternal life, and the presence of a natural pyramid was seen as a sign of the divine. This entire area, and the peak itself, was sacred to a funerary aspect of the goddess Hathor: the “Mistress of the West”.
The isolated nature of this valley was yet another reason for its selection as the final resting place of the pharaoh. Tomb robberies occurred even in ancient times. The Egyptians were aware of this, having seen the a fate of the Old and Middle Kingdom pyramids, so they opted for hidden, underground tombs in a secluded desert valley. The first New Kingdom ruler that is confirmed to have been buried in the Valley of the Kings was Thutmose I (c.1504–1492 BC), the third king of the Eighteenth Dynasty. According to Ineni, the high official who was in charge of the digging of his tomb: “I oversaw the excavation of the cliff-tomb of his Person [the king] in privacy; none seeing, none hearing.”",06:00,17:00,"https://egymonuments.gov.eg/media/3387/333222.jpg?center=0.63736263736263732,0.54014598540145986&mode=crop&width=645&height=423&rnd=134121767060000000","https://www.google.com/maps/search/Valley+of+the+Kings,+Luxor,+Egypt?hl=en"
AS-00034,kom El-dikka,Alexandria,"In the heart of modern Alexandria lies the Kom el-Dikka archaeological site, a remarkable open-air museum that preserves the remains of a prestigious residential and civic quarter from the Roman and Byzantine periods (2nd to 6th centuries AD).
The centerpiece of the site is the well-preserved Roman Theater (Odeon), the only example of its kind in Egypt. Its tiered marble seats and mosaic-lined galleries reflect the city's affluent urban culture.
Surrounding the theater, visitors can explore:
The Villa of the Birds, featuring stunning floor mosaics depicting various birds and geometric patterns.
The remains of extensive Roman Baths, which showcase advanced engineering, including a hypocaust (underfloor heating) system.
A large complex of lecture halls, believed to be part of a philosophical school or university, offering a rare glimpse into ancient academic life.
The site also displays a collection of artifacts and sculptures recovered from the sunken ruins of the ancient city, providing a direct link to Alexandria's legendary past.
Together, these discoveries illustrate the social, cultural, and intellectual vitality of ancient Alexandria, highlighting its evolution from a Hellenistic capital into a thriving Roman and Byzantine metropolis.",09:00,17:00,"https://egymonuments.gov.eg/media/8912/picture1.jpg?center=0.544,0.545045045045045&mode=crop&width=645&height=423&rnd=134121720940000000","https://www.google.com/maps/place/Kom+el+Dikka/@31.1944778,29.9046312,17z/data=!3m1!4b1!4m6!3m5!1s0x14f5c3eb54daa129:0x3a9149d4a4ff91b8!8m2!3d31.1944778!4d29.9046312!16s%2Fm%2F0gy0jy3?hl=en&entry=ttu&g_ep=EgoyMDI2MDYyOS4wIKXMDSoASAFQAw%3D%3D"
