id,name,category,cuisine,rating,phone_number,government,photo_url,maps,is_non_egypt_address
RST-00001,1902 Restaurant,Falafel restaurant,Egyptian,3.7,0,Aswan,https://lh3.googleusercontent.com/gps-cs-s/APNQkAHM4P92wf0S6vq7knMoXwZcICNp_A_nHqbowOprcFBnqcrT1sBPoef3NnjLck1ECQl8LDVubyHmslVgh4xz4aHRG9QoGWAT8YIDyXZpRwrSLWWd5DiS-sV05LbW-GaUqm7waSdidg=w513-h240-k-no,https://www.google.com/maps/search/1902+Restaurant?hl=en,False
RST-00002,8 Restaurant,Chinese restaurant,Chinese,4.3,+20227916888,Cairo,https://lh3.googleusercontent.com/gps-cs-s/APNQkAHNaniUhMPhgLxd1w-3mj5sbrTEaHESO-2oN8pA7KHl1BPFTFOe50OUCd-D-xluxs18cmDKxrosB_TrmtEY4EpQofuyhYu0WkF_HAfB5Y1JkZ9QpPdiFhaKao1L9QdSxor6JGz55sy6oGnd=w426-h240-k-no,"https://www.google.com/maps/place/8+Restaurant/@30.0361876,31.14731,12z/data=!4m10!1m2!2m1!1s8+Restaurant!3m6!1s0x1458408f25846503:0x84d599fc271bd09b!8m2!3d30.0361876!4d31.2297075!15sCgw4IFJlc3RhdXJhbnRaDiIMOCByZXN0YXVyYW50kgESY2hpbmVzZV9yZXN0YXVyYW50mgFEQ2k5RFFVbFJRVU52WkVOb2RIbGpSamx2VDJ4d2VtTkVXbkpqYld4dVpHNUdWbGw2YkVWT1JURlVaVlZTVms0eVl4QULgAQD6AQQIABAs!16s%2Fg%2F1tdlqnmv?hl=en&entry=ttu&g_ep=EgoyMDI2MDYyOS4wIKXMDSoASAFQAw%3D%3D",False
RST-00003,9 Pyramids Lounge,French restaurant,Egyptian,4.2,+201212299999,Giza,https://lh3.googleusercontent.com/gps-cs-s/APNQkAHrrql-nD4AB4brFNWDV8htMDsX7pKcSoSypz0y2KDagQScPsnGNWNZdyGke5rNcENW0mfWIlOV7OtcxPyojzq62ggb_GlHb5eWgfHuQUY9tDLxC_GI9waS_c1C-HZIkLtZikA=w408-h306-k-no,"https://www.google.com/maps/place/9+Pyramids+Lounge/@29.9677783,31.1267711,16z/data=!4m13!1m2!2m1!1sPyramids+Lounge!3m9!1s0x14584f74545fb4b7:0x5397b82f76e498ad!5m2!4m1!1i2!8m2!3d29.9677783!4d31.1319209!15sCg9QeXJhbWlkcyBMb3VuZ2VaESIPcHlyYW1pZHMgbG91bmdlkgEKcmVzdGF1cmFudOABAA!16s%2Fg%2F11mv3bzwvh?hl=en&entry=ttu&g_ep=EgoyMDI2MDYyOS4wIKXMDSoASAFQAw%3D%3D",False
RST-00004,Abou El Sid Restaurant,Egyptian restaurant,Egyptian,3.8,+20227359640,Cairo,https://lh3.googleusercontent.com/gps-cs-s/APNQkAH_4-0XQlk5E6o46Ch1jswDhL2joem1JrIQwtI0FnXGBMdtrl_KVJj0n0O0-Qajx2h8oORUDFvVhu2MNNggY74TQRBem_gxqYxsP5DXm-eSiMx5nZeqWGiISl8HnDMteM0Dy1VKzgMAOrPv=w408-h544-k-no,"https://www.google.com/maps/place/Abou+El+Sid+Restaurant/@30.059463,31.1417733,12z/data=!4m10!1m2!2m1!1sAbou+El+Sid!3m6!1s0x145840eb2c0e580f:0x25aa349178187545!8m2!3d30.059463!4d31.2241708!15sCgtBYm91IEVsIFNpZCIDiAEBWg0iC2Fib3UgZWwgc2lkkgETZWd5cHRpYW5fcmVzdGF1cmFudOABAA!16s%2Fg%2F1wb4460m?hl=en&entry=ttu&g_ep=EgoyMDI2MDYyOS4wIKXMDSoASAFQAw%3D%3D",False
RST-00005,Abou Haidar Shawerma,Shawarma restaurant,Shawarma,4.2,0,Cairo,https://lh3.googleusercontent.com/gps-cs-s/APNQkAGJMc-PhwKSx40_xeT2TBUt0C9XeXX0Y0RhyJd_qYnIv9N1SdZiKkwmMcDNvpP9SQd0QYqZwxlFoxjl4i8dE11syxFBiYc1kHcQ3_fZM_Q1YHzdhdugCGEW8KskHgo1F4iXX805=w408-h306-k-no,https://www.google.com/maps/search/Abou+Haidar?hl=en,False
RST-00006,Abou Shakra Restaurants,Restaurant,Egyptian,4.0,+20224188891,Cairo,https://lh3.googleusercontent.com/gps-cs-s/APNQkAGF5Ve06JiOFow9LpGWDBJfnZgXaIARJqQD4i_WKx_pq06VAu14x6TiYheRI845LGOZ1BELiBF_2gXob__eeoPjIKMsKtUuVdrOEm0ApTHGs21B8mQuepRT3ERft-e3_Gt5jwsb=w408-h544-k-no,https://www.google.com/maps/search/Abou+Shakra?hl=en,False
RST-00007,Abu Dabbab,Beach,Beach,4.6,+201220000605,Red Sea,https://lh3.googleusercontent.com/gps-cs-s/APNQkAHgrDkIo2BRqXYwqz8toTukXIr5VbUc2RIG7JjhZGEobHgm13zmmHSqhEDLVP1-FX4d1lWfK9pQfomZ_9brvBIKzVYwEp860G81jYDlIxitG4h03bdZbosfDAwvRVjhHNIgovuEkLSIOJF4=w408-h357-k-no,"https://www.google.com/maps/place/Abu+Dabbab/@25.3373735,34.7381258,15z/data=!4m10!1m2!2m1!1sAbu+Dabbab+Resort+Restaurant!3m6!1s0x15b4bb1887f2bacd:0x83e8cbcfb44a893!8m2!3d25.337374!4d34.7381258!15sChxBYnUgRGFiYmFiIFJlc29ydCBSZXN0YXVyYW50Wh4iHGFidSBkYWJiYWIgcmVzb3J0IHJlc3RhdXJhbnSSAQViZWFjaJoBRENpOURRVWxSUVVOdlpFTm9kSGxqUmpsdlQyMU9VMWx0T1U5aVJXeFdVVzF3Y1ZOdFZtbGllbXhKWld4d1NGZFhZeEFC4AEA-gEECCgQJQ!16s%2Fg%2F123230k3n?hl=en&entry=ttu&g_ep=EgoyMDI2MDYyOS4wIKXMDSoASAFQAw%3D%3D",False
RST-00008,Ageeba Beach,Public beach,Public beach,4.6,+201101153532,Matrouh,https://lh3.googleusercontent.com/gps-cs-s/APNQkAEmk-ZDqyz-iaga4e3PEz01J-YBGHjiwxPfyHllnqmq-nlMeEObO1WAbYNpX2vu8E4HvLXz4-PRuM44pMOTa94KB_pN3vbR0lyjuzhJDc3BwCNJi15MaCwRC59oIIkNOqgT9fqJZA=w408-h306-k-no,"https://www.google.com/maps/place/Ageeba+Beach/@31.414321,26.6768378,10z/data=!4m10!1m2!2m1!1sAgiba+Beach+area+restaurants!3m6!1s0x1462060d7b0f1aef:0x799f52919280e6bc!8m2!3d31.414321!4d27.0064276!15sChxBZ2liYSBCZWFjaCBhcmVhIHJlc3RhdXJhbnRzWh4iHGFnaWJhIGJlYWNoIGFyZWEgcmVzdGF1cmFudHOSAQxwdWJsaWNfYmVhY2iaAURDaTlEUVVsUlFVTnZaRU5vZEhsalJqbHZUMnBhV2xGVVdsUlZNRFZTVjBWV05tTldiRkZSYlRWaFRsWndjV014UlJBQuABAPoBBQjpARAw!16s%2Fg%2F11cftyqff?hl=en&entry=ttu&g_ep=EgoyMDI2MDYyOS4wIKXMDSoASAFQAw%3D%3D",False
RST-00009,Al Agha,Syrian restaurant,Syrian,4.2,+201015537363,Giza,https://lh3.googleusercontent.com/gps-cs-s/APNQkAG2JpJdTp4RQw-PLa6hdFtkxUl1JvvuNg0m88pOWHYDs1T1VI04rgOS73c5bhOs7RtLaLTM6IHml91801cIWj1dYuYj58hmcidfAz8SKfztfry_0TEP6l9i0Y_apcTt67XIXJF72TDQ2ao=w426-h240-k-no,"https://www.google.com/maps/place/Al+Agha/@30.0399566,31.1765871,13z/data=!4m10!1m2!2m1!1sAl+Agha!3m6!1s0x145841887cdbef93:0xc15e00713f61cadc!8m2!3d30.0399566!4d31.2177858!15sCgdBbCBBZ2hhWgkiB2FsIGFnaGGSARFzeXJpYW5fcmVzdGF1cmFudOABAA!16s%2Fg%2F11ph0t_qb0?hl=en&entry=ttu&g_ep=EgoyMDI2MDYyOS4wIKXMDSoASAFQAw%3D%3D",False
RST-00010,Al Sahaby Lane Restaurant,Restaurant,Egyptian,4.6,+20952256086,Luxor,https://lh3.googleusercontent.com/gps-cs-s/APNQkAET44LjoKEZnSLgEldndKpBZKesbBbn_7eugRFja0i2jztrNG96ucf6K0CDjKOqnPvNEA1-gLGR_yZYSSw9flWFzrS00kgOPn7heyew9rpt7ZkqpWPpDTRkAyS5yFds7TN74YUz=w532-h240-k-no,https://www.google.com/maps/search/Al-Sahaby+Lane+Restaurant?hl=en,False
RST-00011,Andrea El Mariouteya New Giza,Chicken restaurant,Chicken,4.2,+201003531000,Giza,https://lh3.googleusercontent.com/gps-cs-s/APNQkAFlZ3ZlMWC7xVXYIgsYMlj-BDurB2n9or9Vs-OtSNnr7m3rPrG5jZ5W4KhtE_Y5xjw_UYIMT1SFm9w28QlzQNAEXOJcS-8YB2OmTrRpEL8KJLklC5AOX1j7ILUDhY4yojHpg4rp2G_37SN2=w408-h306-k-no,"https://www.google.com/maps/place/Andrea+El+Mariouteya+New+Giza/@30.0216696,31.0529834,17z/data=!3m1!4b1!4m6!3m5!1s0x14585aeb0a393379:0x461dcc8433f320d3!8m2!3d30.0216696!4d31.0529834!16s%2Fg%2F1thmyy4c?hl=en&entry=ttu&g_ep=EgoyMDI2MDYyOS4wIKXMDSoASAFQAw%3D%3D",False
RST-00012,Aspero Restaurant & Lounge,Restaurant,Egyptian,4.4,+201050855838,Giza,https://lh3.googleusercontent.com/gps-cs-s/APNQkAH6ZFr9u7dst6JaEHzKRB4VXImZLgI-PvFJ2VkspIi18kYiXlxAGx6FZxOZ3gp9Rt7K0MTZlowfmZvEobSkHAQsCE6poL-xAMqRd-f5dKSQEmbuYU6jkshEJVKmih3OghKcwo0e=w408-h272-k-no,https://www.google.com/maps/search/Aspero+Restaurant+&+Lounge?hl=en,False
RST-00013,Aswan Moon,Coffee shop,Coffee shop,4.0,+201202121561,Aswan,https://lh3.googleusercontent.com/gps-cs-s/APNQkAHYOlg8Z0H6-ad4-OxMCw6UzzcfC_Vj_ltoGphPybCosYQjJPEvKoe5JUPB_BZJAwaTPYOJWhcrVpUrm1KLHXTTwy-aj5LnI1Zs5WWEcrrcdbrQMYYg2w1BWK_uJal4fCDjJY2iXg=w408-h306-k-no,https://www.google.com/maps/search/Aswan+Moon?hl=en,False
RST-00014,Balbaa Village for Grills & Seafood | Bashair El KhirBranch,Egyptian restaurant,Egyptian,4.2,+20216941,Alexandria,https://lh3.googleusercontent.com/gps-cs-s/APNQkAExgGaMrcC3c_oo0_Yj9xmheK1218laXLwwKJlzDErhwwSyZ_6VAXTA24mmwkVKCbbpErK8e-66FU4aOm5btsBVNFotwoNFTmldY_u_NIeobiHrAmNNtIItbDHKvqFf1SDhjd4v=w427-h240-k-no,"https://www.google.com/maps/place/Balbaa+Village+for+Grills+%26+Seafood+%7C+Bashair+El+KhirBranch/@31.1600545,29.8452981,13z/data=!4m10!1m2!2m1!1sBalbaa+Village!3m6!1s0x14f5c5dfa99e7383:0x69357fa0a9834306!8m2!3d31.1600545!4d29.8864968!15sCg5CYWxiYWEgVmlsbGFnZVoQIg5iYWxiYWEgdmlsbGFnZZIBE2VneXB0aWFuX3Jlc3RhdXJhbnSaASNDaFpEU1VoTk1HOW5TMFZKUTBGblNVUm9hUzFUV2tkQkVBReABAPoBBQiYBRBD!16s%2Fg%2F11gycpnq26?hl=en&entry=ttu&g_ep=EgoyMDI2MDYyOS4wIKXMDSoASAFQAw%3D%3D",False
RST-00015,Birdcage,Thai restaurant,Thai,4.6,+20227988000,Cairo,https://lh3.googleusercontent.com/gps-cs-s/APNQkAHS3RcCuvErvyB8nKLydCAVtrl0rzWLXEXqMDzff74OSVFY_O-b0_3W3PfklNTz1k8eexAwfR6XS4gaORtGR7yagABbOjQUOHXGOrUjohmunkJqVtoqzytHpsv9VJKMH2WA8rcmkv69sTNE=w408-h306-k-no,https://www.google.com/maps/search/Birdcage?hl=en,False
RST-00016,Blue Harbor Rooftop Restaurant Windsor Palace Hotel Alexandria,Cafe,Cafe,4.6,+2034808700,Alexandria,https://lh3.googleusercontent.com/gps-cs-s/APNQkAHt6_TZUZGBZtnM450mKaWQHsWHNm_Lc6-4kD6_NYBzuMk962OpZpefAer8i7Zt1w0Ot5x5o_KKcgtW4k-cEZUH-XPwbrvA6RLbAOztGW839CpckHoHzaVA19vedRIOyStMIAvH=w408-h317-k-no,https://www.google.com/maps/search/Blue+Harbor+Rooftop+Restaurant+Windsor+Palace+Hotel+Alexandria?hl=en,False
RST-00017,Blue House Restaurant and cafee,Restaurant,Egyptian,4.3,+201061759632,South Sinai,https://lh3.googleusercontent.com/gps-cs-s/APNQkAHtCBym0axHylYPC9-OWfJOwZg6JOXZdkLBQCGdOC6HCRMoYzivpL7gaJzIJpVHOmcbTapTCiHgY4rW8FZHu-EZnWOh2wyMzMphvEYuihkYiCXWa9plrXdz9lEGVpbJ5aZdc0wO1w=w408-h306-k-no,"https://www.google.com/maps/place/Blue+House+Restaurant+and+cafee/@28.4653814,34.4880619,13z/data=!4m10!1m2!2m1!1sThe+House+Restaurant+Dahab!3m6!1s0x15ab4bda04159547:0xac1de981c1a751a0!8m2!3d28.4979184!4d34.5174259!15sChpUaGUgSG91c2UgUmVzdGF1cmFudCBEYWhhYlocIhp0aGUgaG91c2UgcmVzdGF1cmFudCBkYWhhYpIBCnJlc3RhdXJhbnSaAURDaTlEUVVsUlFVTnZaRU5vZEhsalJqbHZUMjF3TVZSVVdsbFRWVzk1VkRCV1psZFlXbmRXVjFZMlZXdHZlVmx1WXhBQuABAPoBBAgAEEU!16s%2Fg%2F11jlfsstgm?hl=en&entry=ttu&g_ep=EgoyMDI2MDYyOS4wIKXMDSoASAFQAw%3D%3D",False
RST-00018,Bob Marley Moonlight terrace restaurant cafe,Dessert restaurant,Egyptian,4.7,+201142133369,Aswan,https://lh3.googleusercontent.com/gps-cs-s/APNQkAHO6s0eNuaPh7yBd8tgSfcUP_nJiy-aTpBlqNJO4aU8OJOt1U5qnwUmIjAJ80adAb4PB81VjW0dJcCoKpHIExwhx7DWmI0UPcJXEyO22POS-HBWiAJtCv8ySZzwcv-k1YnnE6JqJzyHcHU=w408-h306-k-no,"https://www.google.com/maps/place/Bob+Marley+Moonlight+terrace+restaurant+cafe/@24.0904587,32.8910269,17z/data=!4m9!3m8!1s0x143664b1b70d1bc1:0xc4cacadeb64acfe1!5m2!4m1!1i2!8m2!3d24.0904587!4d32.8910269!16s%2Fg%2F12345xy60?hl=en&entry=ttu&g_ep=EgoyMDI2MDYyOS4wIKXMDSoASAFQAw%3D%3D",False
RST-00019,Bruno Cafe,Coffee shop,Coffee shop,4.1,0,,https://lh3.googleusercontent.com/gps-cs-s/APNQkAEQer7DFZ6mCOq5dLX6vx6LC4z0AVt8ELsGHHH3meR64QMARGUtWZDGN1JzJNibhJUeKKJudTJyMP0OMkNK7p37Wud5O-gx2ziwcOgVpA0z5IuO9Toltpr0UURg9Z8DBao_Sh6f2zLpJ7iw=w408-h271-k-no,"https://www.google.com/maps/place/Bruno+Cafe/@49.2121632,6.0614457,5z/data=!4m10!1m2!2m1!1sBruno+Cafe+%26+Restaurant!3m6!1s0x4712957dd07bdcc1:0x425d081b92d909f5!8m2!3d49.2121632!4d16.6083207!15sChdCcnVubyBDYWZlICYgUmVzdGF1cmFudFoZIhdicnVubyBjYWZlICYgcmVzdGF1cmFudJIBC2NvZmZlZV9zaG9wmgEkQ2hkRFNVaE5NRzluUzBWSlEwRm5UVU5ST0dGeWREVm5SUkFC4AEA-gEFCJoCEEM!16s%2Fg%2F11rf7s238d?hl=en&entry=ttu&g_ep=EgoyMDI2MDYyOS4wIKXMDSoASAFQAw%3D%3D",True
RST-00020,Cairo Kitchen zamalek,Egyptian restaurant,Egyptian,4.1,+20227354000,Cairo,https://lh3.googleusercontent.com/gps-cs-s/APNQkAGdZEL6da_uBkVpp79vS7gQZI6WyIuHKESx258kLFq3J_XiazTj-MKRD_wJJ69j_JCsIEfHWhAJrHujlnVnO7QoIgl0gLnqT3CtI_48NDr_9ybLI5HP95pTJEx3WbT8xhOE6Jb8y9rYtUVr=w408-h544-k-no,https://www.google.com/maps/search/Cairo+Kitchen+Zamalek?hl=en,False
RST-00021,Cairo Vista Restaurant & Bar,Restaurant,Egyptian,4.9,+201221101101,Cairo,https://lh3.googleusercontent.com/gps-cs-s/APNQkAH94fuc37uF1OlXJStdXq4Gf4mc9lVvPSpHSxnhLNMIR2TcV9qXBMln1z4xNkxF1OKxyVUKbz_stuwWgnCHzosl-Y-Dk5xo4dbiliYWKfeR7fMny1FOkKpKlwwS-qKJVfUJVvlt2l1xCfY=w48-h48-p-k-no,"https://www.google.com/maps/place/Cairo+Vista+Restaurant+%26+Bar/@30.0396377,31.2382839,17z/data=!3m1!4b1!4m6!3m5!1s0x145841e3b544712d:0x4af051f0588e1e14!8m2!3d30.0396377!4d31.2382839!16s%2Fg%2F11xtn1dc70?hl=en&entry=ttu&g_ep=EgoyMDI2MDYyOS4wIKXMDSoASAFQAw%3D%3D",False
RST-00022,Chez Gaby Au Ritrovo,Pizza restaurant,Pizza,4.3,+2034874404,Alexandria,https://lh3.googleusercontent.com/gps-cs-s/APNQkAF9oMM8a_qjettWrslzzeDj4qs_NloKJCJ2BwVamQGB_kGVD-eQJaEpd3XrRsmSMk7S3QHfuz70MpvVn3KiUmkNqBMiBGhya77iOq_Lv0WcF25o6DJenRlsYdD-ZuZV4xEdsyyG=w408-h353-k-no,https://www.google.com/maps/search/Chez+Gaby?hl=en,False
RST-00023,Cilantro Vogue S90,Coffee shop,Coffee shop,4.9,+201200210606,Cairo,https://lh3.googleusercontent.com/gps-cs-s/APNQkAHEcLdsOeDmnhiihi6lJ0PT9VFgAvBPQcusnQZafeDGJ5iF5bpa51lYjEKkjmbbRejRMZqWWipVGNwV6gd1lG0P088_Pte41zMgkN9A8UuQI42DEcSgLttD-ZOfVKwaouybG7zINLDrJeg=w408-h489-k-no,https://www.google.com/maps/search/Cilantro?hl=en,False
RST-00024,Crave,Restaurant,Egyptian,4.7,+201095222976,Alexandria,https://lh3.googleusercontent.com/gps-cs-s/APNQkAFGBHT2zd6O4p_snm1NHVoM_24a-8q8YMrWchJNzEuEI0NpT1AxoR7qnjCqwQ6oxG2TVS00ujhCKtwiPhl6Y5Ql5YYoI95ZC6IvvDT1h2BWw2DfHazCuEzyNdvgDRwdotYZ--z8=w408-h544-k-no,https://www.google.com/maps/search/Crave?hl=en,False
RST-00025,Cup Hungry Restaurant - مطعم كب هانجري,Restaurant,Egyptian,4.4,+201116598333,Cairo,https://lh3.googleusercontent.com/gps-cs-s/APNQkAFxvriR8-GjdyEflbYPCr7m2GQczeFYEbwb9xfdyRBs2yxlVBXFPMKQtw9f2PlB9-fAg0wAQ_g4qmVTKKcZpmvwQSivEttuFH6C8NDuzPIiAlW8iqORsl_CWNu372YzX94wTiW1a0faFNk=w520-h240-k-no,https://www.google.com/maps/search/Cup+Hungry+Restaurant?hl=en,False
RST-00026,Depresso cafe,Cafe,Cafe,4.3,+971502445434,,https://lh3.googleusercontent.com/gps-cs-s/APNQkAG2hiQYadPX5nEU5VZfeQR-HIl9LKPqQ83psiHvn2_vZECr1ZRjRw1c-6ux74pnYYa0JoAI2RIWH7mdZBrm6t_AKtLrPTLOb4wEhPAIdmriO6VrmGL5qUWiD9w_RszomD8LmnBwNqhWnTcX=w408-h544-k-no,"https://www.google.com/maps/place/Depresso+cafe/@27.9104923,43.1522434,5z/data=!4m10!1m2!2m1!1sDepresso!3m6!1s0x3e5f6a46a094420d:0xb4de4587fd91d5a4!8m2!3d25.1493536!4d55.1984128!15sCghEZXByZXNzb1oKIghkZXByZXNzb5IBBGNhZmXgAQA!16s%2Fg%2F11dxjv4rrm?hl=en&entry=ttu&g_ep=EgoyMDI2MDYyOS4wIKXMDSoASAFQAw%3D%3D",True
RST-00027,Délices Patisserie Alexandria,Dessert restaurant,Dessert,4.3,+2034861432,Alexandria,https://lh3.googleusercontent.com/gps-cs-s/APNQkAFgf_Yrmw_upDtEhL29qdXhSURY3grtNLBiGNEC58T-N-IAN--mkSiLtidnyqHmcP2wUMv2xZ3KStNyXnvC3KpskkaFvb5FA-hx-FWJDbKlNYGsvUMEGwrqMLOl1xMYgGiWORw-pA=w408-h327-k-no,"https://www.google.com/maps/place/D%C3%A9lices+Patisserie+Alexandria/@31.200107,29.2403732,9z/data=!3m1!5s0x14f5c3ede620d75b:0x17547b0be0df4fe9!4m10!1m2!2m1!1sDelices!3m6!1s0x14f5dad28f33e327:0xc70657569f1e2b35!8m2!3d31.200107!4d29.8995529!15sCgdEZWxpY2VzWgkiB2RlbGljZXOSARJkZXNzZXJ0X3Jlc3RhdXJhbnTgAQA!16s%2Fg%2F1vlwtllc?hl=en&entry=ttu&g_ep=EgoyMDI2MDYyOS4wIKXMDSoASAFQAw%3D%3D",False
RST-00028,EL Hamra Street Restaurant,Lebanese restaurant,Lebanese,4.1,+201551383006,Cairo,https://lh3.googleusercontent.com/gps-cs-s/APNQkAGmXqJD0UM6lWPNIvxsFj82ixC96P4-bQ-8334d03jz5WJmQErW87jGAy8kkeXfSVr4ESWP8jiC_sGGIOABEPL2MIKqF3GVfWEX1xo2StnKCZtS225pU5-lSAWjfqHPhEep-serNGhiHwfH=w408-h544-k-no,https://www.google.com/maps/search/Al+Hamra+Street?hl=en,False
RST-00029,Egyptian Nights,Egyptian restaurant,Egyptian,4.0,+20227394631,Cairo,https://lh3.googleusercontent.com/gps-cs-s/APNQkAHQ-MSEHcWXMepDDtySgC1GmM7gQjsacFZByr-IzWVbumHMifH0TyONipIk33UObZOtcdKWJ4gRS6tLdA_8wfJE9ik4R5EF9q-WuOXDyKiiZVsIPQ9RFnTvZbWkVRmqoFImbvI5TKOvK6w2=w408-h306-k-no,"https://www.google.com/maps/place/Egyptian+Nights/@30.0568652,31.2243188,17z/data=!3m1!4b1!4m6!3m5!1s0x145840dd89dfbdcb:0xc5c4a375f06d69f4!8m2!3d30.0568652!4d31.2243188!16s%2Fg%2F1s04f2z74?hl=en&entry=ttu&g_ep=EgoyMDI2MDYyOS4wIKXMDSoASAFQAw%3D%3D",False
RST-00030,El Dahan - South Park Madinaty الدهان مدينتي,Barbecue restaurant,Barbecue,4.8,+20221250000,Cairo,https://lh3.googleusercontent.com/gps-cs-s/APNQkAHwsf2rRQiU7bE3zD42U_3xX9SX-m_vx7jh-SqdjH70HKBO8AbaBxOUQJxb6o3Yn0jk0M3jkbX75JLSBGuFyM4TZd_L2mnRXgue23p4T05rI0wbFZLca0RcKURFAKzmcA3n_Vk7dQ=w408-h306-k-no,"https://www.google.com/maps/place/El+Dahan+-+South+Park+Madinaty+%D8%A7%D9%84%D8%AF%D9%87%D8%A7%D9%86+%D9%85%D8%AF%D9%8A%D9%86%D8%AA%D9%8A%E2%80%AD/@30.0476926,31.3323343,11z/data=!4m10!1m2!2m1!1sAl+Dahan!3m6!1s0x1457f66555555555:0x65cc1bd570581b96!8m2!3d30.084493!4d31.6406662!15sCghBbCBEYWhhbloKIghhbCBkYWhhbpIBE2JhcmJlY3VlX3Jlc3RhdXJhbnSaAURDaTlEUVVsUlFVTnZaRU5vZEhsalJqbHZUMnhTYTJKV2NIQlNhbWhTVEZWMFNXTkZPVzFsVjA0d1RsWlplbFJzUlJBQuABAPoBBQiSAhBM!16s%2Fg%2F11c2l8z48l?hl=en&entry=ttu&g_ep=EgoyMDI2MDYyOS4wIKXMDSoASAFQAw%3D%3D",False
RST-00031,El Dokka Resturant,Barbecue restaurant,Barbecue,4.2,+201111505032,Aswan,https://lh3.googleusercontent.com/gps-cs-s/APNQkAElspbFQmm0aBP4vd6IN8n10mdjdx54fZrSNkh0Hu3aQwu9dPMvCG8PMdHHcoWwdAFCj_4Bq2_ZK0kYnVRnr_iqWqTY2rcfTxJZSc7rvUZWkTH7jjGzb_3otB5bxU2watXMmKWs=w408-h306-k-no,https://www.google.com/maps/search/Al+Dokka?hl=en,False
RST-00032,El Gahsh,Falafel restaurant,Falafel,3.9,+201115195256,Cairo,https://lh3.googleusercontent.com/gps-cs-s/APNQkAGGaVcTcfoALYhz1GELPbuW87jINpJjyqv-7ARnCvga8pfA_9UXZ4K3xKiZPXtFEj2thCaxkDD7tpRWDEkibFVrusQaJSIX3K7SIv6Vl1GT7FWYpgYlXC0AXjcA0n2LJH_bS2Id27mmUq0=w408-h306-k-no,https://www.google.com/maps/search/El+Gahsh?hl=en,False
RST-00033,El Kababgy restaurant,Barbecue restaurant,Barbecue,4.2,+201063053134,Kafr El Sheikh,https://lh3.googleusercontent.com/gps-cs-s/APNQkAFr-AS3naDuQmxUhIwZ5aT2c6kvpq-K8CQwLB0It8vQfLb1EGYQTf7_shm5EvM-dtHGvNAhNUGsEffQ56xYWwREdsKFg29XtwzHu6oL4sAEFvL-DW9XAwiqST7iGbIOgb_zEnIgrg=w408-h544-k-no,https://www.google.com/maps/search/Kababgy?hl=en,False
RST-00034,El Prince Restaurant,Restaurant,Egyptian,4.3,+20238506139,Giza,https://lh3.googleusercontent.com/gps-cs-s/APNQkAE_LYHRILfsAooIM4BXKXgGtK4K8ESNRXRT0npdJT6MqaoIK-fO0REmWTjxyYVOnyCNF7bLXN1RysyfZX6TAsxqxVC58VzBCdgSCRw9qhE8Ph--c0ZCm0wjN0EO2RyLoKmlHrvR2Ojn2MRG=w408-h272-k-no,"https://www.google.com/maps/place/El+Prince+Restaurant/@30.0377633,30.6790581,10z/data=!4m10!1m2!2m1!1sEl+Prince!3m6!1s0x145840b8c9220f9f:0x8cb71efc2893ffa!8m2!3d30.0377633!4d31.0086479!15sCglFbCBQcmluY2VaCyIJZWwgcHJpbmNlkgEKcmVzdGF1cmFudOABAA!16s%2Fg%2F1th5frjn?hl=en&entry=ttu&g_ep=EgoyMDI2MDYyOS4wIKXMDSoASAFQAw%3D%3D",False
RST-00035,El sultan Fish Restaurant 🐠 🐟,Restaurant,Egyptian,5.0,0,South Sinai,https://lh3.googleusercontent.com/gps-cs-s/APNQkAEhY3Cm0hoazjZJV6qgxTn2utc451Id2Ob4F-tE9PjNTCASZTO4Mkc6c91-lm4tc8SJCFhv3qSNL6xLbgKvFB-TtfN92eRwlPpg-RCszz3IrAWug2zKWy2k91uoJRlePhveb5MNf73ZzJQn=w408-h544-k-no,"https://www.google.com/maps/place/El+sultan+Fish+Restaurant+%F0%9F%90%A0+%F0%9F%90%9F/@29.0449232,34.5809287,12z/data=!4m10!1m2!2m1!1sNuweiba+Beach+Restaurant!3m6!1s0x15aacf0059a0df9d:0xfc3fb7a6a1f03a6a!8m2!3d29.0449232!4d34.6633262!15sChhOdXdlaWJhIEJlYWNoIFJlc3RhdXJhbnRaGiIYbnV3ZWliYSBiZWFjaCByZXN0YXVyYW50kgEKcmVzdGF1cmFudJoBRENpOURRVWxSUVVOdlpFTm9kSGxqUmpsdlQyNUtRbUZxVGpCaFJ6RXlUbFZLZUdReU1XRmlWa0o1VDBob05rOVlZeEFC4AEA-gEECAAQQA!16s%2Fg%2F11x2_4gy28?hl=en&entry=ttu&g_ep=EgoyMDI2MDYyOS4wIKXMDSoASAFQAw%3D%3D",False
RST-00036,Farsha Cafe,Coffee shop,Coffee shop,4.3,+201200300162,South Sinai,https://lh3.googleusercontent.com/gps-cs-s/APNQkAF2gxHV2gSI9_ihau0NKHkYV9ELLbuhv7_xiUAOzEn4_xsrVqHpmARH1krdKLfORP0frywHxmceho6MlHMce77yky8lpaAAJRTouZOWKc1CjU5LJJeKATn48yEpTUp5DJvIYAPP=w426-h240-k-no,https://www.google.com/maps/search/Farsha+Mountain+Lounge?hl=en,False
RST-00037,Felfela,Egyptian restaurant,Egyptian,3.6,+20223900784,Cairo,https://lh3.googleusercontent.com/gps-cs-s/APNQkAEBmc6zqW_tz1SY67De08wE1YiHn91QmMc_-o-jZNt2sWeuF6nUJL6dedwqYHh-78HWnQoNM2PMz5ZHZdQZaDfvv-T5eluns0hXGP9lPK-sBRQPwjckMiuN9Fgzrc-DO1C4wNI2FLbS53c=w408-h720-k-no,"https://www.google.com/maps/place/Felfela/@30.0466117,30.5790272,9z/data=!4m10!1m2!2m1!1sFelfela!3m6!1s0x14584184c933b19f:0x352d15d4c5e2448a!8m2!3d30.0466117!4d31.2382069!15sCgdGZWxmZWxhIgOIAQFaCSIHZmVsZmVsYZIBE2VneXB0aWFuX3Jlc3RhdXJhbnTgAQA!16s%2Fg%2F1tdz23f3?hl=en&entry=ttu&g_ep=EgoyMDI2MDYyOS4wIKXMDSoASAFQAw%3D%3D",False
RST-00038,Fish Market Marina,Seafood restaurant,Seafood,4.1,+2034815512,Alexandria,https://lh3.googleusercontent.com/gps-cs-s/APNQkAHfK5bwXJHX1wzJJMl26voR1tTvqe0HnvFOpkzlXkwXsmJ6ESH_7-NV5Nh7WkPdvRIna3ELlBi7HMOrzOsuXveb4WgklkX6oKeW51YKClKYjQJOJd-3o9_vH-NaFDIuMYWgj7-1ykjMdtR8=w519-h240-k-no,https://www.google.com/maps/search/Fish+Market+Alexandria?hl=en,False
RST-00039,Geco Athens,Restaurant,Egyptian,4.8,+302103216001,,https://lh3.googleusercontent.com/gps-cs-s/APNQkAF4oaEDA9UGaBh_fnqlJiZ4oGa1lRJHfuf5SiIog9ahhvYQcpuF6LVvEexl-a63eg1F4vyIeD9gHN8dFD5Tmlfew04wgF7j4Nkz7Gq5fkv8Q8hipHo55mSUIVguHz15m9wqZDb_jAS125J7=w425-h240-k-no,"https://www.google.com/maps/place/Geco+Athens/@37.9752401,23.7256095,15z/data=!3m1!5s0x14a1bd3c135f03c1:0x9921b9b3ff22db4a!4m10!1m2!2m1!1sAthens+Restaurant!3m6!1s0x14a1bdd3eececcc7:0x159d90db539a2b0c!8m2!3d37.97686!4d23.732026!15sChFBdGhlbnMgUmVzdGF1cmFudFoTIhFhdGhlbnMgcmVzdGF1cmFudJIBCnJlc3RhdXJhbnSaASRDaGREU1VoTk1HOW5TMFZKUTBGblNVUjJiM00zVFMxM1JSQULgAQD6AQQIXBBF!16s%2Fg%2F11ssvdb4xd?hl=en&entry=ttu&g_ep=EgoyMDI2MDYyOS4wIKXMDSoASAFQAw%3D%3D",True
RST-00040,Ginger Restaurant,Sushi restaurant,Sushi,4.2,0,Alexandria,https://lh3.googleusercontent.com/gps-cs-s/APNQkAHr-GsCHpxko75r2gpcwJwaxOWunsWoQt1shC_j5PFFbCi5dNqRSHCIroWpXMAwh51_pItinjxTkp0NT4E3sUIKNa9c9IzdIrjOTy2-34dBqfFkt5aCTZ5Wq7VKSE6mbQbSqofcmA=w426-h240-k-no,https://www.google.com/maps/search/Ginger+Alexandria?hl=en,False
RST-00041,Gingko,Restaurant,Egyptian,4.7,+201202088781,Cairo,https://lh3.googleusercontent.com/gps-cs-s/APNQkAG2DkejBzPsE3_743nviQuenGwPdlI3q42hJc-6kM_U0txVV7ZsaXAuXfOIerUVSNptLGfnoRZ0idnwFHcb74j6trVlf8B7xZoxiGiAfvxunSZwjBBPPEHltLkkbATr9pJphZmU=w408-h272-k-no,https://www.google.com/maps/search/Gingko?hl=en,False
RST-00042,Granada Restaurant & Pub Hurghada,Restaurant,Egyptian,4.6,+201025144220,Red Sea,https://lh3.googleusercontent.com/gps-cs-s/APNQkAGEtPqk6548m-14f5rlGMEU56QFgslbX-lckSEqgJSjquEFqj7XfZaE7OpC5Vs0vUn4Be-zNQiFcR_ALQhMIRdcBA6AQ5WlAc-SGiDZ8sWJ-ZUqR4eD80DN-k0t3by0FMiWauqr=w408-h272-k-no,https://www.google.com/maps/search/Granada+Restaurant+&+Pub+Hurghada?hl=en,False
RST-00043,Granita Cairo,Restaurant,Egyptian,4.2,+201012797522,Cairo,https://lh3.googleusercontent.com/gps-cs-s/APNQkAHCCOS_Bi4riMPOjDfR4h33haoLRvYb9Yc8ym9oyVC7TL3D2QQN6_BuuJFKjKsd1i_XpJMpA6fJDmNUOzHxYU5Peh_9lBivNDLPE4BfrTjwSnygz1ath2bXLc-CeL1n-QVgOPHn=w408-h409-k-no,"https://www.google.com/maps/place/Granita+Cairo/@30.0388525,31.1340118,12z/data=!4m10!1m2!2m1!1sGranita!3m6!1s0x145841d99aea3e19:0x1cd83b95ac60ca40!8m2!3d30.0581554!4d31.2239147!15sCgdHcmFuaXRhWgkiB2dyYW5pdGGSAQpyZXN0YXVyYW504AEA!16s%2Fg%2F11j0ysnkb6?hl=en&entry=ttu&g_ep=EgoyMDI2MDYyOS4wIKXMDSoASAFQAw%3D%3D",False
RST-00044,Hard Rock Cafe Sharm el Sheikh,American restaurant,American,4.3,+201097022750,South Sinai,https://lh3.googleusercontent.com/gps-cs-s/APNQkAGCXwnua-4xEzx8tHFamQanwp1jMO8JYGeP-zn_Mel01tgS__R9rdFkx8XG3WyaAqod6Ln5jTGk5hN2kB_0W9CLh85l1GuUs6542_XnX-ZpJ2n-Ye2DHqS1emx8JK28YuyOfY0=w673-h240-k-no,https://www.google.com/maps/search/Hard+Rock+Cafe+Sharm+El+Sheikh?hl=en,False
RST-00045,Jeeda's,Restaurant,Egyptian,4.5,+2034966951,Alexandria,https://lh3.googleusercontent.com/gps-cs-s/APNQkAFg1NAEXNsMK8HkIH1I2O05z1HmqISoge7GjOTVzEDYpsz_dVxqIwuEKo01s_YEXM_I3pT83NVps0aT2DPnuhEIQ0akjY1LQXKAyd5Pyan0FtgXd-7O_I9mR6ujb-v_PXQ8zuJc=w408-h545-k-no,https://www.google.com/maps/search/Jeeda's?hl=en,False
RST-00046,Kadoura,Seafood restaurant,Seafood,3.8,+2034800967,Alexandria,https://lh3.googleusercontent.com/gps-cs-s/APNQkAEzC-e3VCPkfPzIiARfsu8fpRLL6DopHyCWEyWPtWxnXTvkUrwMz343bgR1Hk0CPfE7lnpm5pOplBjc0lKgJJKEjSx7mZyjb0_ZUQ9luS4_fXtzGrdzhpmXwzidhil8tfNBpiDw=w426-h240-k-no,"https://www.google.com/maps/place/Kadoura/@31.2022214,29.2279197,9z/data=!4m10!1m2!2m1!1sKadoura!3m6!1s0x14f5c3ee0499be65:0x34a5981f04e2de13!8m2!3d31.2022214!4d29.8870994!15sCgdLYWRvdXJhWgkiB2thZG91cmGSARJzZWFmb29kX3Jlc3RhdXJhbnTgAQA!16s%2Fg%2F1wcj_t9p?hl=en&entry=ttu&g_ep=EgoyMDI2MDYyOS4wIKXMDSoASAFQAw%3D%3D",False
RST-00047,Karibu - Bar & Restaurant,Restaurant,Egyptian,4.6,+201030729253,Cairo,https://lh3.googleusercontent.com/gps-cs-s/APNQkAFT390DSMjKaKUp6h6P9sDOeYyg5UhHOCRTcPhq7OBkbNa0coWvV3aCQoFOsMPgB4fdd1DRX_LgcdXzPN9Gq6XPMDZw_zTgb3JqQ2NdbfOJMi8zf1nVot9VwVRGEjJf7C4FBYtS0qN2jhNo=w426-h240-k-no,"https://www.google.com/maps/place/Karibu+-+Bar+%26+Restaurant/@27.395952,33.6533487,14z/data=!4m10!1m2!2m1!1sThe+Dive+Bar+%26+Grill+El+Gouna!3m6!1s0x145267a783103111:0xf3e854b03384ade0!8m2!3d27.395952!4d33.6739481!15sCh1UaGUgRGl2ZSBCYXIgJiBHcmlsbCBFbCBHb3VuYVofIh10aGUgZGl2ZSBiYXIgJiBncmlsbCBlbCBnb3VuYZIBCnJlc3RhdXJhbnSaAURDaTlEUVVsUlFVTnZaRU5vZEhsalJqbHZUMjVPVmxkRk5YUlhhMVl5VWxob1dGcEZUbWxXTUdNeVRtdzVXR0pGUlJBQuABAPoBBQiPARBH!16s%2Fg%2F11fct0yqb8?hl=en&entry=ttu&g_ep=EgoyMDI2MDYyOS4wIKXMDSoASAFQAw%3D%3D",False
RST-00048,Kazaz,Falafel restaurant,Falafel,4.1,+201210444416,Cairo,https://lh3.googleusercontent.com/gps-cs-s/APNQkAHBF6IoI3TX7z0Gv3w0734nLcxParkcrrrtviwE__LLlP4-5n6Zkxog-0ErAIKn_qqkHUBSBvA2kFuK9vQ3Qa0OUzPR-HfnGbA329jFrOmhegXQLFFegIelR8xaOvti--LulLaN=w640-h240-k-no,https://www.google.com/maps/search/Kazaz?hl=en,False
RST-00049,Kazoku,Japanese restaurant,Japanese,4.6,+201270004877,Cairo,https://lh3.googleusercontent.com/gps-cs-s/APNQkAHrHyn-61IM_U2ZbgwFTJudGrCg6yS20S1hMqo6XMh0NUkMhu3ccFFcSN5tWXUFMhd8Cpir6jCX8jOlJ-KHSVYTpF58nJ0rpB-UrPCUsySoTJSCeoE8pVXRZeertggpg4EEydzFLQ=w561-h240-k-no,https://www.google.com/maps/search/Kazoku?hl=en,False
RST-00050,Khan El Khalili Restaurant & Naguib Mahfouz Cafe,Cafe,Cafe,4.2,+20225903788,Cairo,https://lh3.googleusercontent.com/gps-cs-s/APNQkAE61srzT2iUXuuD3p8h1ibGzhOpWfkXF5DxwWb0aGPC5Ego5l7MXS1EtHp4K41pEcq4PkKNXb4Bull1Z_IP55IJe5Pz9U3O6khO_OXBICFluWFgSr-u0IcJ15ACeXNzalBazP8p=w426-h240-k-no,"https://www.google.com/maps/place/Khan+El+Khalili+Restaurant+%26+Naguib+Mahfouz+Cafe/@30.0480626,31.2616185,17z/data=!3m1!4b1!4m6!3m5!1s0x1458409fe312f077:0x38ed746841b3f83!8m2!3d30.0480626!4d31.2616185!16s%2Fg%2F1tm9dgjw?hl=en&entry=ttu&g_ep=EgoyMDI2MDYyOS4wIKXMDSoASAFQAw%3D%3D",False
RST-00051,Khufu's Restaurant,Egyptian restaurant,Egyptian,4.3,+201080058888,Giza,https://lh3.googleusercontent.com/gps-cs-s/APNQkAEai75NdBtJC0CpSLclfcP5TQb4aDhWQ8QknrF3MKl6o6vq5-MsLi2Y4JTKdL5D3NobOzln5GrsxNt4ZLfV9TilXCIMAcKEmWRWQVsVfhA52L0xXudkDq1ObkiZs1INQ2jygsDi=w408-h271-k-no,https://www.google.com/maps/search/Khufu's+Restaurant?hl=en,False
RST-00052,Koshary Abou Tarek,Koshari restaurant,Koshari,4.3,+20225775935,Cairo,https://lh3.googleusercontent.com/gps-cs-s/APNQkAENQwHTr00y-HR9Saz6KQ_zMogMYv7kEr1r_CLSp03Wv87pdCyvI-wSXczpBmHj__aooEjBQhfBEf0moagz0eqs9-3OJdWSHE-KOttVAjXnWRqvH8AnraADFjD5vM7BljdjZmYn1yJGU0g=w426-h240-k-no,"https://www.google.com/maps/place/Koshary+Abou+Tarek/@30.0344913,31.2229465,11z/data=!4m10!1m2!2m1!1sKoshary+Abou+Tarek!3m6!1s0x145840c0d951113d:0x3cd085938aad3157!8m2!3d30.0501531!4d31.237834!15sChJLb3NoYXJ5IEFib3UgVGFyZWtaFCISa29zaGFyeSBhYm91IHRhcmVrkgESa29zaGFyaV9yZXN0YXVyYW504AEA!16s%2Fg%2F11cmb114gj?hl=en&entry=ttu&g_ep=EgoyMDI2MDYyOS4wIKXMDSoASAFQAw%3D%3D",False
RST-00053,Koshary El Tahrir,Egyptian restaurant,Egyptian,4.1,0,Alexandria,https://lh3.googleusercontent.com/gps-cs-s/APNQkAGsPL54FCbDLXqOJphv7UXDoJA8CrvaoRZlb5lIs1V37ykbfP7hZV2FaG0d9IcIy-gtwNe00WEbtYXW4NyQjIplnhMOPx5RYrIydM8FN-1yWDW5rwvRnQHK5TmVNLnDCykyrVpp94UZaIo=w520-h240-k-no,"https://www.google.com/maps/place/Koshary+El+Tahrir/@31.2695965,29.3327109,9z/data=!4m10!1m2!2m1!1sKoshary+El+Tahrir!3m6!1s0x14f5db2cec3c307d:0xf795968329d38ead!8m2!3d31.2695965!4d29.9918906!15sChFLb3NoYXJ5IEVsIFRhaHJpcloTIhFrb3NoYXJ5IGVsIHRhaHJpcpIBE2VneXB0aWFuX3Jlc3RhdXJhbnSaASRDaGREU1VoTk1HOW5TMFZKUTBGblNVUmtNRWsyVVd4blJSQULgAQD6AQQIABBB!16s%2Fg%2F11gy3n06xq?hl=en&entry=ttu&g_ep=EgoyMDI2MDYyOS4wIKXMDSoASAFQAw%3D%3D",False
RST-00054,La Alexandria Asian Restaurant & Cafe,Restaurant,Egyptian,4.9,+201288944699,Alexandria,https://lh3.googleusercontent.com/gps-cs-s/APNQkAGAiTJB4_jl7B6I0s8nG1uasDavgI6QtwG5KS_HlaMEna8R2oypB5r-cJ2cOz-r2Atk1E91Hu43HJYW78yzQu9JGpy3ZWRn0K966MLvXj4TAqpgNavsqc9PbY8Wv-DQ8jLzma3Dh2tJ1VI=w408-h255-k-no,https://www.google.com/maps/search/La+Alexandria+Asian+Restaurant+&+Cafe?hl=en,False
RST-00055,Latino Cafe & Restaurant - مطعم و كافيه لاتينو,Restaurant,Egyptian,4.1,+201284177773,Giza,https://lh3.googleusercontent.com/gps-cs-s/APNQkAGs7DjXPeyEJByTNkaBDmbjdl3cvuINH0jYv24TNMuEu2BsIPieFMeiziPWdtxbyxrlk_k_rN5_ox-ZpX2mfgksGPlfr8Pv0Fd5uWKH0_lsDAEFof5csfihFG0kHqkRhDjMiPax=w408-h306-k-no,"https://www.google.com/maps/place/Latino+Cafe+%26+Restaurant+-+%D9%85%D8%B7%D8%B9%D9%85+%D9%88+%D9%83%D8%A7%D9%81%D9%8A%D9%87+%D9%84%D8%A7%D8%AA%D9%8A%D9%86%D9%88%E2%80%AD/@30.6249435,30.7164228,9z/data=!4m10!1m2!2m1!1sLatino+Cafe!3m6!1s0x145840d64d7e613b:0x4c0c64e85dfc5949!8m2!3d30.0452944!4d31.2188481!15sCgtMYXRpbm8gQ2FmZVoNIgtsYXRpbm8gY2FmZZIBCnJlc3RhdXJhbnTgAQA!16s%2Fg%2F11bxg1ccy9?hl=en&entry=ttu&g_ep=EgoyMDI2MDYyOS4wIKXMDSoASAFQAw%3D%3D",False
RST-00056,Laurent,French restaurant,French,4.3,+33142250039,,https://lh3.googleusercontent.com/gps-cs-s/APNQkAHBhuCEr55GGOY4sObKs_iJ2OM2QPmLHOLTAwgDYW97nbTp0_CcP2lUgCOyueO13zD4DdYjQjxonlJfjeVTJ9YQKJwf33QVQP5OS611lIEUwaxjDY0h67fgZdoAcyUsr0-PoHHf=w408-h272-k-no,"https://www.google.com/maps/place/Laurent/@39.4205647,-19.3577877,3z/data=!4m10!1m2!2m1!1sLaurent!3m6!1s0x47e66fcf0a81cc21:0x422317ab0f9c2cd4!8m2!3d48.8692529!4d2.3131794!15sCgdMYXVyZW50WgkiB2xhdXJlbnSSARFmcmVuY2hfcmVzdGF1cmFudJoBJENoZERTVWhOTUc5blMwVkpRMEZuU1VSNmMyRnFhM0IzUlJBQuABAPoBBQiPBRBK!16s%2Fg%2F1tjgnxk7?hl=en&entry=ttu&g_ep=EgoyMDI2MDYyOS4wIKXMDSoASAFQAw%3D%3D",True
RST-00057,Le Deck,Restaurant,Egyptian,4.2,+20227373737,Cairo,https://lh3.googleusercontent.com/gps-cs-s/APNQkAFXltc1LmVwEYmS2tH-aj10qq4alpEDfb_9EQq8KMFUMIDvdDt9mZPr0-MmwrvPrcNJuDlBus-4qjhZixRD491YUKuAuO52w4U3Ew8_7DL321ATiRTN3mVycQFeKI9T99rYVNUedw=w408-h294-k-no,https://www.google.com/maps/search/Le+Deck+by+Laurent+Peugeot?hl=en,False
RST-00058,Le Pacha 1901,Restaurant,Egyptian,4.3,+20227356730,Cairo,https://lh3.googleusercontent.com/gps-cs-s/APNQkAGz4XeL63xzUgr31BFNOE2Xqmexdv0psWEyd4V1o4qMVzWEEBZ1F28qQQBB0zdyp5v1LS0xlnFNrn184WBp670HuvJwczd7tm0KPfG1Ig1HyZfkpqOdtPfviHl9Kpq722NOO4qWNSPoCr8=w408-h272-k-no,"https://www.google.com/maps/place/Le+Pacha+1901/@30.0517255,29.9091223,8z/data=!4m10!1m2!2m1!1sL'Asiatique!3m6!1s0x145840dcbad063ed:0xeb449deffe198cd8!8m2!3d30.0517255!4d31.2274817!15sCgtMJ0FzaWF0aXF1ZVoNIgtsIGFzaWF0aXF1ZZIBCnJlc3RhdXJhbnSaAURDaTlEUVVsUlFVTnZaRU5vZEhsalJqbHZUMjE0WVZJeU5VTmxWV3h5VDBoT1RWWlVXWHBSTUdoWVUyczFXbGt5WXhBQuABAPoBBQiYARBC!16s%2Fg%2F1tff00lr?hl=en&entry=ttu&g_ep=EgoyMDI2MDYyOS4wIKXMDSoASAFQAw%3D%3D",False
RST-00059,Left Bank,Night club,Night club,3.5,0,,https://lh3.googleusercontent.com/gps-cs-s/APNQkAHepmgM3QzAgX3hE8IV6Ia1LjTUx1VmTPN6_G1esOP77_zHbO4JswCCKRCcIrbXQa23S2PkzAcOZlUUTcpO9lmEJb_DzdKagaxqCAt1-UWfnh3dmfpo6yhh2RwKnrEz72K2VPm8yzft1w=w408-h306-k-no,https://www.google.com/maps/search/Left+Bank?hl=en,True
RST-00060,MANZOKU Ramen Bar,Ramen restaurant,Ramen,4.8,0,,https://lh3.googleusercontent.com/gps-cs-s/APNQkAE6wYgi_gVE0UnmjMPF630lVPAuEqzjKNu5JeA-YKGXImknS1NR7k892B4J-Ms03S5Ypus9HouaM28XvhquhNKS4hFxXaqQu28XeCKFdZV6xmpuf_QbOeW63yHUH7Kk-SjmUIQbtQ=w426-h240-k-no,https://www.google.com/maps/search/Manzoku?hl=en,True
RST-00061,MISTER COOK,Fast food restaurant,Fast food,4.4,+212528224242,,https://lh3.googleusercontent.com/gps-cs-s/APNQkAEjLF3Pj7PRD5exUtzAcVQvRJHsVdrzOp7Ncyp1pWa4w-Om3UKBj51Ij8_qE5mBQgpIlCSUrwEzgB5AVEP63AAKUO-rCjN-7kcX85D2-23c7yLdvcDWw1OhQqAiJjXZSiWxVzf6=w408-h306-k-no,"https://www.google.com/maps/place/MISTER+COOK/@30.4189931,-9.5678854,14z/data=!4m10!1m2!2m1!1sMister+Cook!3m6!1s0xdb3b7d15737346f:0x9868a20aa8a55682!8m2!3d30.4016519!4d-9.5511939!15sCgtNaXN0ZXIgQ29va1oNIgttaXN0ZXIgY29va5IBFGZhc3RfZm9vZF9yZXN0YXVyYW504AEA!16s%2Fg%2F11cn182kg9?hl=en&entry=ttu&g_ep=EgoyMDI2MDYyOS4wIKXMDSoASAFQAw%3D%3D",True
RST-00062,"MOODS Restaurant & Beach Club, El Gouna",Restaurant,Egyptian,4.2,+201220900777,Red Sea,https://lh3.googleusercontent.com/gps-cs-s/APNQkAHB-_WusmOVksG_9Z-fq2y0j65PrNeFPAoZe7PzQxt56Ty15gJRXKyt3oqKfTkAZaf53DUripk8ny9akzRFpLZHXF0GaGC9GbODxgGH5-ovixf-88W0_wg_FVq7WEzkgVM0gZ_cWf4F_jg=w408-h544-k-no,https://www.google.com/maps/search/Moods+Restaurant+&+Beach+Club?hl=en,False
RST-00063,Magdy Seafood,Seafood restaurant,Seafood,4.0,+201271077771,Matrouh,https://lh3.googleusercontent.com/gps-cs-s/APNQkAGf90Ytm0MW3xH_90wu0XcUF9DJ8hqtbikOAPiPDzC7e6WBgPPvF7FKLJgD93OnfkSOGyU61YJhfC4ciAXVa1KqoZS-pGC2sxiFEUB9wzhbofXd2JtqXei19an1R8Tkfe440S_C7w=w493-h240-k-no,"https://www.google.com/maps/place/Magdy+Seafood/@31.353135,27.0756078,11z/data=!4m10!1m2!2m1!1sMarsa+Matruh+seafood+restaurants!3m6!1s0x1461fecba776ec9b:0x2f612289a12253cf!8m2!3d31.353135!4d27.2404027!15sCiBNYXJzYSBNYXRydWggc2VhZm9vZCByZXN0YXVyYW50c1oiIiBtYXJzYSBtYXRydWggc2VhZm9vZCByZXN0YXVyYW50c5IBEnNlYWZvb2RfcmVzdGF1cmFudJoBI0NoWkRTVWhOTUc5blMwVkpha1ozVGt3eGF6UjZVR05uRUFF4AEA-gEECAAQOw!16s%2Fg%2F11cn9rywzf?hl=en&entry=ttu&g_ep=EgoyMDI2MDYyOS4wIKXMDSoASAFQAw%3D%3D",False
RST-00064,Makani Cafe,Cafe,Cafe,4.4,0,Cairo,https://lh3.googleusercontent.com/gps-cs-s/APNQkAG8fMtN7qqKFw7zbXNUAohM1BLqcUEggt0-Y6742RCq7fvOanOiYXgYg_IKkScv6sI_sCk8HGgfKmHWv75EcQ9zOmq1MKhs0IBcxCTBGwKeHoHHh6x3ZzjaKv_KnT2NhnPyJRI_2Q=w408-h725-k-no,https://www.google.com/maps/search/Makani+Cafe?hl=en,False
RST-00065,Mawlay,Restaurant,Egyptian,3.4,+201200000133,Cairo,https://lh3.googleusercontent.com/gps-cs-s/APNQkAEFDi0cmZAJ2qWgvOMos_uRRFLIdLhWKX1Jw_Zzh7Koq8x-y8-tGl1eXTbmwXUsZV-AlZ0MofHvNRYlre0w8R-_dGnkOZx0lZiu8dj89HhwS7WfW1CcjfuyIHDqcKND9A99K10tpw=w48-h48-p-k-no,"https://www.google.com/maps/place/Mawlay/@30.0434116,31.2412838,16z/data=!4m10!1m2!2m1!1sMawlay!3m6!1s0x14584746c280bcfd:0xc8782495bd0505f!8m2!3d30.0434116!4d31.2464336!15sCgZNYXdsYXlaCCIGbWF3bGF5kgEKcmVzdGF1cmFudOABAA!16s%2Fg%2F11r99qdypj?hl=en&entry=ttu&g_ep=EgoyMDI2MDYyOS4wIKXMDSoASAFQAw%3D%3D",False
RST-00066,Mori Sushi - Zayed,Restaurant,Egyptian,4.7,+201208888492,Giza,https://lh3.googleusercontent.com/gps-cs-s/APNQkAGAAew4VB2oYDzo8EDCSDYRiKpcHpVEvkiAtsT5rvthMELDhUFLAsw4vjBzBhlKksaUfH5MYRSAgnCS-XG3mmWNwhHiCEX4LGwAwXzGzP2nQVzgfhHMSCWzxphq38CWfYyeTlNW=w408-h544-k-no,"https://www.google.com/maps/place/Mori+Sushi+-+Zayed/@30.5903633,29.8113849,8z/data=!4m10!1m2!2m1!1sMori+Sushi!3m6!1s0x14585b355f611253:0xdef6ce64280ac928!8m2!3d30.0258073!4d31.0123343!15sCgpNb3JpIFN1c2hpIgOIAQFaDCIKbW9yaSBzdXNoaZIBCnJlc3RhdXJhbnSaAURDaTlEUVVsUlFVTnZaRU5vZEhsalJqbHZUMjE0TW1SSWFFZFRlbVJDVWtSc2RWRlZaM2RUU0doUlRXNU9VVTFzUlJBQuABAPoBBAg4EEQ!16s%2Fg%2F11f60v6ggz?hl=en&entry=ttu&g_ep=EgoyMDI2MDYyOS4wIKXMDSoASAFQAw%3D%3D",False
RST-00067,Neama,Egyptian restaurant,Egyptian,4.2,+20233365555,Giza,https://lh3.googleusercontent.com/gps-cs-s/APNQkAGGRheaJebOQ9TZfjpmbfD3QBTZE0ui1AZ4qEW2-Heb4uC541FtUV-jPC2aLbr4W58WaqCv4eqmKJtWUIEavvCYmdrbF7C7tsqFllOGpv7XesZcYw_uGsnvMxd8D0N4Wv31jMmvon_msf0M=w408-h306-k-no,https://www.google.com/maps/search/Neama?hl=en,False
RST-00068,Nubian Dreams Restaurant & Cafe,Restaurant,Egyptian,4.7,+201115543346,Aswan,https://lh3.googleusercontent.com/gps-cs-s/APNQkAGR6t6NCKjbzdCl001wATu55VXINGb0LJIdwj7Zcdl4_HKc7j1xWk_gmEWf7awCNDugJto6Rxer7-TgvKSblHOZ5-Zu0UeZK980cB3ChU_wayVbXbNxFlsUq0e8EBbdXSOjE0yQtIXp7rHj=w426-h240-k-no,https://www.google.com/maps/search/Nubian+Dreams+Restaurant+&+Cafe?hl=en,False
RST-00069,Oriental Nile View أورينتال نايل فيو,Restaurant,Egyptian,4.2,+201050585958,Qalyubia,https://lh3.googleusercontent.com/gps-cs-s/APNQkAHie9BZs77FYAyuL01Bc2WqjKvoT44gUCFQOBgMyfXwnlb7g_NXoxMOTdMLbTjtT_2magqzVE20lLc2wD524brrIIT_E24zl_em31pR92HctQX9QA9HkGL9P4tUb30ZuFEWKNywzg=w408-h408-k-no,"https://www.google.com/maps/place/Oriental+Nile+View+%D8%A3%D9%88%D8%B1%D9%8A%D9%86%D8%AA%D8%A7%D9%84+%D9%86%D8%A7%D9%8A%D9%84+%D9%81%D9%8A%D9%88%E2%80%AD/@30.4738279,28.5403755,7z/data=!4m10!1m2!2m1!1sNile+View+Restaurant!3m6!1s0x14f7dfb559927167:0x36b40436e0d7742e!8m2!3d30.4738279!4d31.1770942!15sChROaWxlIFZpZXcgUmVzdGF1cmFudFoWIhRuaWxlIHZpZXcgcmVzdGF1cmFudJIBCnJlc3RhdXJhbnSaASNDaFpEU1VoTk1HOW5TMFZKUTBGblNVTmZiV1ZwUzBKQkVBReABAPoBBAgAECo!16s%2Fg%2F11y2sdylrp?hl=en&entry=ttu&g_ep=EgoyMDI2MDYyOS4wIKXMDSoASAFQAw%3D%3D",False
RST-00070,Osmanly Restaurant,Turkish restaurant,Turkish,4.2,+20227980000,Cairo,https://lh3.googleusercontent.com/gps-cs-s/APNQkAHF5BoLVI6LFa0KnQRfet6GSOizIryA1NCLR5eb77apg4bDgCWdOxbFzXhk1zNI2Py-rJp3STQwv5lfRm46mHh0upisojzx0p2Ei0fOsCXOIIokryB56q_XOouy0B9NZmAcTvOe=w408-h272-k-no,"https://www.google.com/maps/place/Osmanly+Restaurant/@30.0386357,31.230671,17z/data=!3m1!4b1!4m6!3m5!1s0x145840cdc7e28511:0x9f649c9eb3c03a92!8m2!3d30.0386357!4d31.230671!16s%2Fg%2F1tgfsxvy?hl=en&entry=ttu&g_ep=EgoyMDI2MDYyOS4wIKXMDSoASAFQAw%3D%3D",False
RST-00071,PAVONE Restaurant & Cafe,Restaurant,Egyptian,4.2,+201062289492,Giza,https://lh3.googleusercontent.com/gps-cs-s/APNQkAGKI3usDd06yaPR0EeGMPtpFxIeNPWhIq8_j8yljM-lZ0tNx5s_ujNd7sCjTuNpDPYbQ7yH_gRCwMqKBPH9mYTwPZyirJDFn32YvBUTsZDkwUZYl3_BMugxVHScWebdtCGfHlTyxqdbCP8=w408-h612-k-no,https://www.google.com/maps/search/PAVONE+Restaurant+&+Cafe?hl=en,False
RST-00072,Panorama Restaurant & Bar,Restaurant,Egyptian,4.3,+20972454455,Aswan,https://lh3.googleusercontent.com/gps-cs-s/APNQkAHHHJsMfW0t6l38Yyw2J9xfiu6zH7EgXJ5_hPrQhPNcgGN7i5oh63RgI3BwG8hFLSH4NEDX5TH2SYpFAfrtigm5H7YYYyUZHKWaQKaiBThE2iszgDcGKwt6LvyL92w10YPDMzI=w408-h306-k-no,https://www.google.com/maps/search/Panorama+Restaurant+Aswan?hl=en,False
RST-00073,Pier88 Nile River,Italian restaurant,Italian,4.4,+201080888876,Cairo,https://lh3.googleusercontent.com/gps-cs-s/APNQkAF-NnNstOBbGVdK70PtU-ARMbs__vAY3S2qSiNOFo3lgrVN4dJXNiDDHt4irLChFSR-RzUCiJ7q277QJWNZVr4rJZ6p9oXQQr5u_DaNHJxZsqimY5xo6A4wuBw0OjoyKYAKqGbouA=w408-h272-k-no,https://www.google.com/maps/search/Pier+88?hl=en,False
RST-00074,Ralph's German Bakery.Dahab,Bakery,Bakery,4.5,+20693652715,South Sinai,https://lh3.googleusercontent.com/gps-cs-s/APNQkAGjHBwh6EFahK81oOdpEKWhCOz5nP5ROO1PdModd7XmMzyLEwAcJumDruq1ZDf51TC1zFkFqXh-6hIFR3sU79w8rQ1bNTRw7YrUq58dpZoqtDfeWqQprgUbhp7bl4NtICSaVk1E_ttX7mU=w426-h240-k-no,"https://www.google.com/maps/place/Ralph's+German+Bakery.Dahab/@28.4998654,34.5139733,16z/data=!4m10!1m2!2m1!1sRalph's+German+Bakery+Dahab!3m6!1s0x15ab4b29aa802105:0x49a015566313a0dc!8m2!3d28.4998654!4d34.5191231!15sChtSYWxwaCdzIEdlcm1hbiBCYWtlcnkgRGFoYWJaHSIbcmFscGgncyBnZXJtYW4gYmFrZXJ5IGRhaGFikgEGYmFrZXJ54AEA!16s%2Fg%2F11c5698l32?hl=en&entry=ttu&g_ep=EgoyMDI2MDYyOS4wIKXMDSoASAFQAw%3D%3D",False
RST-00075,Restaurant El-Kababgy Luxor,Meat dish restaurant,Meat dish,4.6,+201008598314,Luxor,https://lh3.googleusercontent.com/gps-cs-s/APNQkAHQP6yYTof41gG91AmKs7LHicdshJzU73BRE9FQjmnXXLl-c7_iCp9wEsdrNiNfbD_NIOBdYRO-Uov9shqZhqty398wi16rYEmQ20WQkFlLwyoFx5JGL3hGF2ea_wqQxHxmJEOA=w408-h463-k-no,"https://www.google.com/maps/place/Restaurant+El-Kababgy+Luxor/@25.6967828,32.6362213,17z/data=!3m1!4b1!4m6!3m5!1s0x144915f3342b52cf:0xb15b9bf77f31c95!8m2!3d25.6967828!4d32.6362213!16s%2Fg%2F11s4_4dm31?hl=en&entry=ttu&g_ep=EgoyMDI2MDYyOS4wIKXMDSoASAFQAw%3D%3D",False
RST-00076,SACHI Heliopolis,Fine dining restaurant,Fine dining,4.6,+201280902028,Cairo,https://lh3.googleusercontent.com/gps-cs-s/APNQkAFk6JqOF77jF4cuUSCfeZth8IbZLxsFb_bXQH8c4rYnY7Kh6hMnHYCMRmnCe92jh1QYOIMypv4vPIGmYi7xPuF8eEJphPkM5LlSyYB-yQlwwUWa-jds6_IlTPSyKapduk8tQ5s=w408-h272-k-no,https://www.google.com/maps/search/Sachi?hl=en,False
RST-00077,Santa Lucia,Restaurant,Egyptian,4.5,+201282223630,Alexandria,https://lh3.googleusercontent.com/gps-cs-s/APNQkAHQ9cf8PZxuLqN_aIEIQK4YsuIWO09mVuLPrlfhL9UrMw-IUvzibB0SX6VpVwWmxCsZhAaZ1RdNCpvv6wzcPj3v3Q0qRAz3XG68rJtcKFARHm92gz4hlpl-qbik6I14Y5J2pcAv=w426-h240-k-no,https://www.google.com/maps/search/Santa+Lucia?hl=en,False
RST-00078,Sapporo Japanese Restaurant,Japanese restaurant,Japanese,4.8,+201022216883,Giza,https://lh3.googleusercontent.com/gps-cs-s/APNQkAHT_42z3NDoog0IfMmyAlf0YEMG572e63Ii0HX4u1T3UnvuVW3WNC5vNcgvMcc1w0Pc4F1ezxf7IycRc6S0xc7ZWMzYOsL1nf_M2jjzXsahY3eQgeqP9gDf2MMYT3nDM98nVSrD=w408-h270-k-no,https://www.google.com/maps/search/Sapporo+Japanese+Restaurant?hl=en,False
RST-00079,Sea Gull Restaurant,Seafood restaurant,Seafood,4.4,+2033105957,Alexandria,https://lh3.googleusercontent.com/gps-cs-s/APNQkAEispZv9gIuWANyULXfFiK32X2DlhhVYZAhANvNShMMLcQYg06o9yFd8oB0ihZnzSG2W6hvQxB01Mi6dZUHJL0L1ul4P7deDjYMMiCAa9vXSxT1FY_YW-v0xBBG5kU9LnNB--I=w408-h306-k-no,"https://www.google.com/maps/place/Sea+Gull+Restaurant/@31.1447784,27.1973052,7z/data=!4m10!1m2!2m1!1sSea+Gull!3m6!1s0x14f5ea81abba4f8b:0x96b577f17fb43ffc!8m2!3d31.1447784!4d29.834024!15sCghTZWEgR3VsbFoKIghzZWEgZ3VsbJIBEnNlYWZvb2RfcmVzdGF1cmFudOABAA!16s%2Fg%2F1td2qmg2?hl=en&entry=ttu&g_ep=EgoyMDI2MDYyOS4wIKXMDSoASAFQAw%3D%3D",False
RST-00080,Sequoia,Ferry terminal,Ferry terminal,4.2,0,Cairo,https://lh3.googleusercontent.com/gps-cs-s/APNQkAEbNyrrjfPs-Hil89zpVX5uwmIHupo7dYrVYjg6YAE7BWYNcXK5bfTliKDO8jZxXQ4Ag0iOdlEDu7Zs8MFqF7RTcGEq9behJSynsUmGo7ye3jrx9Yiczouto1wmI8eTHlzYuEq7=w408-h272-k-no,https://www.google.com/maps/search/Sequoia?hl=en,False
RST-00081,Sky view restaurant Le Metropole hotel,Restaurant,Egyptian,4.4,+2034861465,Alexandria,https://lh3.googleusercontent.com/gps-cs-s/APNQkAF_58B8RBwZ7pxE4e0JSHqVsJm2ucmlQNNdnU0a8IrTC2U_xvhNjbsa4kTkAvc3FQQhOL5897Ic7mb1JvDawyZpW55TNiMuhX9ZzDkXYZ7ba4tOhK_8K5NG7_7Hb-v2Y9a2XJfA=w408-h306-k-no,https://www.google.com/maps/search/Sky+View+Restaurant+Le+Metropole+Hotel?hl=en,False
RST-00082,Sobhy Kaber,Egyptian restaurant,Egyptian,4.3,+20221288990,Cairo,https://lh3.googleusercontent.com/gps-cs-s/APNQkAGqrxR7imrGnkLO5xqF_R9sRbll2EmIIEVPFxv95AKlE14IsAEU5QN5XPVXgYHlHV56ig37OBdpGr-fWORwK3MCMZcapXbJGmWzJCfj1Em3Relv5Ocx8cfG9RFaTfJG2wTQiyShcUVYyfx9=w408-h306-k-no,"https://www.google.com/maps/place/Sobhy+Kaber/@30.0837916,31.2344225,17z/data=!3m1!4b1!4m6!3m5!1s0x1458405895555555:0x7c04a84ad2086b3b!8m2!3d30.0837916!4d31.2344225!16s%2Fg%2F11g7z6l4vy?hl=en&entry=ttu&g_ep=EgoyMDI2MDYyOS4wIKXMDSoASAFQAw%3D%3D",False
RST-00083,Sofra Restaurant & Cafè,Meat dish restaurant,Meat dish,4.5,+20952359752,Luxor,https://lh3.googleusercontent.com/gps-cs-s/APNQkAEQcJnJxML9BdJhJCdy1mugCxg1s-qmXR0JsO-xqmraCybURPwbjNX1tmbuDA23V3Y_pvryH54Co3_0eHuK9AUzVHLcOaXHggu8jMIsWPCDhxHn3-TEP0jnNqxC4t5TloJB6ZHjwT2nzgM=w426-h240-k-no,https://www.google.com/maps/search/Sofra?hl=en,False
RST-00084,South Lagoon,Seafood restaurant,Seafood,4.7,+201028367704,Red Sea,https://lh3.googleusercontent.com/gps-cs-s/APNQkAGwe3lJnJfyzpt-kWqvm1_OUEwqsVvTw1-4X6CICu2ste6iTR9WusM-RmyPkTJAGGWuRSG-RDlEW8IxymG4qxX3IwA4fOVbimQqdAdBeiI9j4BfS-tWKsQ5lZRSln9qUjcNQb-S8A=w408-h613-k-no,https://www.google.com/maps/search/Marsa+Alam+Restaurant?hl=en,False
RST-00085,Starfish Seafood Restaurant,Seafood restaurant,Seafood,4.4,+20653443751,Red Sea,https://lh3.googleusercontent.com/gps-cs-s/APNQkAH7ebAQNCMwwdlcv4G_I0JPdxWdcXjEk50g3fwWkIf0WY4KT_6NE1xl7bVRuUY8YnOnBUicc48zJlAj6ZJLNxpX47A_XCBx6ZrljSrHmL5nqpN7xgMcO7skrSVEIpcZrFuTjsam=w408-h301-k-no,https://www.google.com/maps/search/Star+Fish+Restaurant+Hurghada?hl=en,False
RST-00086,Stavolta Gelato,Coffee shop,Coffee shop,4.6,+20225210065,Cairo,https://lh3.googleusercontent.com/gps-cs-s/APNQkAETgoyLV1neAUNlsF2Y8S0No8B9eqCykzbG28o352b5xwsKaQTMi5dgtbQkpeR8XjUXlWLBrBeCyvIshCWXOVjLXthklDvWr732XH--Dpr1wNes2Sv5ZVHG_Um-3XJt0zRMrFZL=w426-h240-k-no,https://www.google.com/maps/search/Tabla+Luna?hl=en,False
RST-00087,Stefano's Restaurant,Restaurant,Egyptian,4.3,+2035818000,Alexandria,https://lh3.googleusercontent.com/gps-cs-s/APNQkAFfev0VnXAz6SAbpAy-x_y1FR8eaoCrtJ-AOLXWA7ikxDx2IVwKFU5JvJBwq97QmOfS2l68HnlHyh8ShhBFMk2TogPMue6w_vjvLHfyIWA88sYuF062xB-nYd6iSZBxnOrU5F0N=w408-h326-k-no,https://www.google.com/maps/search/Stefano's?hl=en,False
RST-00088,Strand Beach Resort Taba Heights,Restaurant,Egyptian,4.7,+20693580300,South Sinai,https://lh3.googleusercontent.com/gps-cs-s/APNQkAHU-KTX4xqwuXCtDVyMMZ8SRRRw1pMuOoWafivVtccIl2YH0vy24E_VXUlXokDcLCzaWvcfpSVHVEFg0yCl-97HTEgezoLBtzkW4KvnF91wh5TrBSV6cwOUuBQkTU4CMUFUfE4UiQ=w408-h272-k-no,"https://www.google.com/maps/place/Strand+Beach+Resort+Taba+Heights/@29.6417853,33.0660215,8z/data=!4m13!1m2!2m1!1sTaba+Heights+Restaurant!3m9!1s0x150074a1c97985df:0x62397d6994a5cb7e!5m2!4m1!1i2!8m2!3d29.3795127!4d34.8019485!15sChdUYWJhIEhlaWdodHMgUmVzdGF1cmFudFoZIhd0YWJhIGhlaWdodHMgcmVzdGF1cmFudJIBDHJlc29ydF9ob3RlbJoBJENoZERTVWhOTUc5blMwVkpRMEZuU1VOZmVVdEhSM2hSUlJBQuABAPoBBAhjEEw!16s%2Fg%2F1tjzmyvh?hl=en&entry=ttu&g_ep=EgoyMDI2MDYyOS4wIKXMDSoASAFQAw%3D%3D",False
RST-00089,Tabkhaspace طبخه,Restaurant,Egyptian,4.9,+201026191467,Cairo,https://lh3.googleusercontent.com/gps-cs-s/APNQkAFWEurJh06QTWtC53a1TVO7Tjc7jpQ9X4YvyJpVP3uvJ3YI2XHcwxgsHzUAWoiXUfZVzLjtT2rZvABohtKTSi2oH6bNPHqZDCpoBNSvCIjZul3I6YT-8iyDZF19CgO_QjyMP_uNTn0xG_8X=w408-h565-k-no,"https://www.google.com/maps/place/Tabkhaspace+%D8%B7%D8%A8%D8%AE%D9%87%E2%80%AD/@30.0324099,31.2337132,17z/data=!3m1!4b1!4m6!3m5!1s0x14584744c8871a33:0x241dd67a08a1d3b3!8m2!3d30.0324099!4d31.2337132!16s%2Fg%2F11k3pdz3hx?hl=en&entry=ttu&g_ep=EgoyMDI2MDYyOS4wIKXMDSoASAFQAw%3D%3D",False
RST-00090,Tamara Lebanese Bistro Waterway,Restaurant,Egyptian,4.1,+201275030555,Cairo,https://lh3.googleusercontent.com/gps-cs-s/APNQkAGdgMV5furNwaTjD_aVtka4rHBSxtvfjp1mJOGpn5Q85hTgxn-GPZb1LZQfHS24laAHsM_thPD5oV1Y05lOuW0B711L9rrzXALVYIp46EjRawqIAFOaLmcYUBBhu9RsUZFJjPlN=w408-h725-k-no,"https://www.google.com/maps/place/Tamara+Lebanese+Bistro+Waterway/@30.599136,30.7781951,9z/data=!4m10!1m2!2m1!1sTamara+Lebanese+Bistro!3m6!1s0x14582290bd3e0e77:0x2786c3ce3f35af22!8m2!3d30.0420465!4d31.475501!15sChZUYW1hcmEgTGViYW5lc2UgQmlzdHJvWhgiFnRhbWFyYSBsZWJhbmVzZSBiaXN0cm-SAQpyZXN0YXVyYW50mgFEQ2k5RFFVbFJRVU52WkVOb2RIbGpSamx2VDJwS1RXRXpVa2xsYkU1dVRXMDRlbEZyTVRaUFJGSklWV3BzZEZReFJSQULgAQD6AQQIABBI!16s%2Fg%2F11c51w3z2_?hl=en&entry=ttu&g_ep=EgoyMDI2MDYyOS4wIKXMDSoASAFQAw%3D%3D",False
RST-00091,The Grill Dining & Lounge,French restaurant,French,4.7,+20227988000,Cairo,https://lh3.googleusercontent.com/gps-cs-s/APNQkAFMGOLANhJH3TjajwhcjFkisGWlQYj9e-474w0xtQvw43aQnk1eocgGqe0NRD84RkuiYjfciXKE0JZ3IlXSvoca5l60BfJphTKKOLmbVaBkQtiXRtEiAZyL48UASiLZdatdstW2Iw=w408-h273-k-no,https://www.google.com/maps/search/The+Grill+Cairo?hl=en,False
RST-00092,The Lantern Room Restaurant,Restaurant,Egyptian,4.6,+20952361451,Luxor,https://lh3.googleusercontent.com/gps-cs-s/APNQkAFdvT7BNn6XLd5Q9McI1c2w0sN7yuwHksI6F7kK0ruEMmFH0a3q0AwSf5oQ1NlBKQUo1nM8DVmILIfbbKkx_ZIiR84UubwbuWhCPCzR_f66MP-W4i85T1g3cX5zpA1Jp9ExdCn4vg=w533-h240-k-no,https://www.google.com/maps/search/The+Lantern+Room?hl=en,False
RST-00093,The Smokery,Restaurant,Egyptian,4.4,+201026019175,Cairo,https://lh3.googleusercontent.com/gps-cs-s/APNQkAFTMFlrJ6_XQLIfh1zBLqQ-6zmP71ykYVqS8uiMr_nX3MmvAJBGrOdN1xpLLJ3tXzHmY74B9en05SGIpacFks4JI94lgmKRTiUKYKJOAImFCAdYoHoek8oIcJIn03L-KQpc_u1m6A=w408-h611-k-no,https://www.google.com/maps/search/The+Smokery?hl=en,False
RST-00094,The Smokery Beach,Beach,Beach,4.2,+201283008616,Red Sea,https://lh3.googleusercontent.com/gps-cs-s/APNQkAEQDpDYxr9t76Imgr5kJvUgCstFFVcDblY-VbNnTgOmpInrRpA7Tp8kQM-URtirWO7q4y2NB1z1HAusahbZVkkpaKk6BZLkvI_8evJ5h6laM-ISGxTOvI4-Ua9ZYMtSoK0fKFOD=w408-h306-k-no,https://www.google.com/maps/search/The+Smokery+El+Gouna?hl=en,False
RST-00095,The Tap East,Bar & grill,Bar & grill,4.1,+201002555503,Cairo,https://lh3.googleusercontent.com/gps-cs-s/APNQkAGzV8FJNHtyS6MqBrkC0MZrKdSjX44CmDS7q8EfKNyqz5Hyk4Sm5tFbEWWPWtVMwg39qtnGo_UZHrKDLfgyIMGETJHG5ACYUCSoXwVdDzoEir3fr1vlN9W-o5z-MYSO4-SrEsWi5g=w408-h306-k-no,"https://www.google.com/maps/place/The+Tap+East/@29.3034558,30.6124539,7z/data=!4m10!1m2!2m1!1sThe+Tap!3m6!1s0x1458229bb3e44225:0x59c1507bd9b1185c!8m2!3d30.0455834!4d31.4761462!15sCgdUaGUgVGFwWgkiB3RoZSB0YXCSAQ1iYXJfYW5kX2dyaWxs4AEA!16s%2Fg%2F11csql5jpy?hl=en&entry=ttu&g_ep=EgoyMDI2MDYyOS4wIKXMDSoASAFQAw%3D%3D",False
RST-00096,Thebes hotel,Egyptian restaurant,Egyptian,4.4,+201005698381,Luxor,https://lh3.googleusercontent.com/gps-proxy/ALd4DhGtU0DDCc3A6ecIXb9o2YtDiMB3jzXT-V8rPlMEYlnjAwsfVnYFTUIZptPmUZDseLNub3sv_gw1yidzXK_LW-ZecW9ipKUVfbuJORyNfpPCeAfbjaYB48mMC5Vhc3lRdw78fWdvc4MwzD5SClJUAnriIHu66YH15F85A_L4IoqpX-f1EtWHEjLQ=w427-h240-k-no,"https://www.google.com/maps/place/Thebes+hotel/@25.712809,32.6219731,17z/data=!4m12!1m2!2m1!1sAl+Moudira+Restaurant!3m8!1s0x14491676ee3df94b:0x7c21b15982f2e08d!5m2!4m1!1i2!8m2!3d25.7128088!4d32.6245475!16s%2Fg%2F11f3x_2lty?hl=en&entry=ttu&g_ep=EgoyMDI2MDYyOS4wIKXMDSoASAFQAw%3D%3D",False
RST-00097,Trianon,Dessert restaurant,Dessert,4.2,+201285839731,Alexandria,https://lh3.googleusercontent.com/gps-cs-s/APNQkAFUGnDg3RoXtVcBI1sEL1SuGDyj831SzpDKlJzhbxcGRQKtrQccXysz0ftvi4gtfHgKRyJvwBZyDeyLNPoBV7VxZK7Juhve_ihELZ-0-DncO1gYDrj9D8Ne19l7QLy4mGcGD7Mk=w408-h408-k-no,"https://www.google.com/maps/place/Trianon/@31.2009057,29.2411747,9z/data=!4m10!1m2!2m1!1sTrianon!3m6!1s0x14f5c3ed8abd6069:0x406ec191aa7d12e6!8m2!3d31.2009057!4d29.9003544!15sCgdUcmlhbm9uWgkiB3RyaWFub26SARJkZXNzZXJ0X3Jlc3RhdXJhbnTgAQA!16s%2Fg%2F1td8nrpb?hl=en&entry=ttu&g_ep=EgoyMDI2MDYyOS4wIKXMDSoASAFQAw%3D%3D",False
RST-00098,Umbi Sharks Bay Diving Village,Egyptian restaurant,Egyptian,4.5,+201277244001,South Sinai,https://lh3.googleusercontent.com/gps-cs-s/APNQkAEaew9ngQGT__aYpjDJTTExsTAWCrZ46Nj4XQkWGWvvR0Jy8cUX18hJqwcMh5eMmiIu3SR7jK5u29tM824yq9mnMV3PveajnoL3I7HTA5H0U8LkwUh2LIoKdCMq9w9OnuCOcLsjckSfRlo9=w408-h543-k-no,https://www.google.com/maps/search/Sharks+Bay+Umbi?hl=en,False
RST-00099,Zeeyara Restaurant,Restaurant,Egyptian,4.5,+201022338401,Cairo,https://lh3.googleusercontent.com/gps-cs-s/APNQkAFz04YuBic8KmfldG9Itfl31fPZW38SCwpMloPN0I3B3Jj736Al2AchwWJUtquCsW_VSd_4Jv5ls1szCZe2j4Fqv8o-xZ17a-ry6R3T3VK6AjSNB6s2YK91OTGZkK9uk1Egl591W3y61fg=w408-h272-k-no,https://www.google.com/maps/search/Zeeyara+Restaurant?hl=en,False
RST-00100,Zia Amelia Italian Restaurant,Italian restaurant,Italian,4.6,+201225271526,Red Sea,https://lh3.googleusercontent.com/gps-cs-s/APNQkAHh4fBKBbuwTDi6SqVyE_67bY2rAaNNKxj4YSRlVp-rcGFd-5Kb3ctN2MycVOXPPAKpr7GXcy74Godr8FknxLZOSgTjxFGYIZpbW-EEPB_7h089nQS74rI2U3A9cy5jqtf0NHt5vA=w408-h510-k-no,https://www.google.com/maps/search/Zia+Amelia+El+Gouna?hl=en,False
RST-00101,Zitouni,Egyptian restaurant,Egyptian,4.6,+20227916877,Cairo,https://lh3.googleusercontent.com/gps-cs-s/APNQkAFjGVDojtFBMUgKD5aNXghGJLEEeFQ2-UT3rMdPgU-eAHICRooUIy6M6LmBjdP8i_ZkiLnWozz001Hc9osLRw9svn1J1lZgf1btuZinWMehjZOyFT9kjgdGUITnzKUCcku4rK814igOYcuh=w426-h240-k-no,"https://www.google.com/maps/place/Zitouni/@30.036103,31.2294581,17z/data=!3m1!4b1!4m6!3m5!1s0x145840cd471cd953:0xe9548bafd9869708!8m2!3d30.036103!4d31.2294581!16s%2Fg%2F1thjqgnd?hl=en&entry=ttu&g_ep=EgoyMDI2MDYyOS4wIKXMDSoASAFQAw%3D%3D",False
RST-00102,Zööba,Egyptian restaurant,Egyptian,4.2,0,Cairo,https://lh3.googleusercontent.com/gps-cs-s/APNQkAHAPcOwwAj-8FXO7Ho2x7bJtoNOCOZPcVyiV7G9k1zpTIFbqZd7T1qsfb10PYUs3fkcDwTIz3XXsAk6r-pP3qgsKUaCvjANnslQGfcGjLA18bSa3chZNgFvNa0_ZGPwDgCCatK77ZEVnQ4=w408-h725-k-no,"https://www.google.com/maps/place/Z%C3%B6%C3%B6ba/@30.0610723,31.0545115,11z/data=!4m10!1m2!2m1!1sZooba!3m6!1s0x145840e1ad5005d5:0x680e77dd198afca6!8m2!3d30.0610723!4d31.2193064!15sCgVab29iYSIDiAEBWgciBXpvb2JhkgETZWd5cHRpYW5fcmVzdGF1cmFudOABAA!16s%2Fg%2F11c5b0njlv?hl=en&entry=ttu&g_ep=EgoyMDI2MDYyOS4wIKXMDSoASAFQAw%3D%3D",False
RST-00103,بيتزا جاد,Pizza restaurant,Pizza,5.0,0,Kafr El Sheikh,https://maps.gstatic.com/tactile/pane/default_geocode-2x.png,"https://www.google.com/maps/place/%D8%A8%D9%8A%D8%AA%D8%B2%D8%A7+%D8%AC%D8%A7%D8%AF%E2%80%AD/@31.5823303,30.3273779,9z/data=!4m10!1m2!2m1!1sGad!3m6!1s0x14f7218bec3f5205:0x595bc79336cf4a8e!8m2!3d31.5823303!4d30.9865576!15sCgNHYWRaBSIDZ2FkkgEQcGl6emFfcmVzdGF1cmFudOABAA!16s%2Fg%2F11fs7zkblp?hl=en&entry=ttu&g_ep=EgoyMDI2MDYyOS4wIKXMDSoASAFQAw%3D%3D",False
RST-00104,سوق السمك الغردقة,Seafood market,Seafood market,4.7,+201096900790,Red Sea,https://lh3.googleusercontent.com/gps-cs-s/APNQkAF-O0yJ-9BkkEQjuHUwGEiGvOx0KROnsxL-LI6EHTaJ_hE-I095pgwTvG79bJq4e0HkQMF2BAroLB_GwNKatOu7Brcz4el3DNLQE-J6JIiV5eGQKbpg-ivLQpGB5zQ0izFW6Ey7CiY4furb=w408-h306-k-no,"https://www.google.com/maps/place/%D8%B3%D9%88%D9%82+%D8%A7%D9%84%D8%B3%D9%85%D9%83+%D8%A7%D9%84%D8%BA%D8%B1%D8%AF%D9%82%D8%A9%E2%80%AD/@27.2982124,33.7590181,12z/data=!4m10!1m2!2m1!1sFish+Market+Hurghada!3m6!1s0x14528732b04d8c3f:0x63656c6a3f3b4fda!8m2!3d27.2291045!4d33.8418963!15sChRGaXNoIE1hcmtldCBIdXJnaGFkYVoWIhRmaXNoIG1hcmtldCBodXJnaGFkYZIBDnNlYWZvb2RfbWFya2V0mgFEQ2k5RFFVbFJRVU52WkVOb2RIbGpSamx2VDI1V2VtVlZjSGROYlVaVFpHcFdSazFZYUZaVWVteERaRlpLYjJSR1JSQULgAQD6AQQIPxBL!16s%2Fg%2F11tx639jny?hl=en&entry=ttu&g_ep=EgoyMDI2MDYyOS4wIKXMDSoASAFQAw%3D%3D",False
